INSERT INTO subject (finalThank, visibility, createdAt, name, descriptionNative, code, subjectId, organizationId, categoryId, SK, sort, end, description, PK, id, introduction, nameNative, start) VALUES ('', '', '2023-06-20T02:20:34.845Z', 'nnnnnnn', , '849348', '02377e68-57ae-4e59-a828-1848f6bd1b84', 'b740450d-a05d-4e1d-a235-1d507702f30d', '042db908-0254-4d8e-ac61-f655c46cf7cb', 'SUBJECT#02377e68-57ae-4e59-a828-1848f6bd1b84', 0, '2023-06-22', 'bbbbb', 'ORG#b740450d-a05d-4e1d-a235-1d507702f30d', '02377e68-57ae-4e59-a828-1848f6bd1b84', '', , '2023-06-21');
INSERT INTO subject (finalThank, visibility, createdAt, name, descriptionNative, code, subjectId, organizationId, categoryId, SK, sort, end, description, PK, id, introduction, nameNative, start) VALUES ('', '', '2023-03-02T12:40:14.047Z', 'new', , '123', '178924c5-2031-4449-b571-c2a48ec01ece', 'b740450d-a05d-4e1d-a235-1d507702f30d', 'd41fd280-b3bc-4525-8c93-22c07f71f797', 'SUBJECT#178924c5-2031-4449-b571-c2a48ec01ece', 0, '2022-10-14', 'new', 'ORG#b740450d-a05d-4e1d-a235-1d507702f30d', '178924c5-2031-4449-b571-c2a48ec01ece', '', , '2022-10-14');
INSERT INTO question (content, questionId, isRequired, status, createdAt, orderNumber, subjectId, organizationId, SK, PK, title, type) VALUES ('', '60ab69e2-b8b3-45dd-9d25-59ae359b4363', false, 'publish', '2023-03-02T12:40:15.711Z', 1, '178924c5-2031-4449-b571-c2a48ec01ece', 'b740450d-a05d-4e1d-a235-1d507702f30d', 'SUBJECT#178924c5-2031-4449-b571-c2a48ec01ece#QUESTION#60ab69e2-b8b3-45dd-9d25-59ae359b4363', 'ORG#b740450d-a05d-4e1d-a235-1d507702f30d', 'q12', 'paragraph');
INSERT INTO undefined (finalThank, visibility, createdAt, name, descriptionNative, code, subjectId, organizationId, categoryId, SK, end, description, PK, introduction, nameNative, start) VALUES ('', '', '2022-03-10T12:10:53.482Z', 'test', , 'test', '1bc26a2a-0156-49a0-84d7-4830e28dcf49', 'b740450d-a05d-4e1d-a235-1d507702f30d', '0cf12d4c-bdc2-4293-ae1b-9c3a2f422825', 'SUBJECT#1bc26a2a-0156-49a0-84d7-4830e28dcf49', '2022-03-10', 'test', 'ORG#b740450d-a05d-4e1d-a235-1d507702f30d', '', , '2022-03-10');
INSERT INTO undefined (content, questionId, isRequired, status, createdAt, competencyId, orderNumber, subjectId, organizationId, SK, PK, title, type) VALUES ('', '2fccced1-069b-4213-ae04-0fc559e38e6f', true, 'publish', '2022-03-10T12:11:52.316Z', , 2, '1bc26a2a-0156-49a0-84d7-4830e28dcf49', 'b740450d-a05d-4e1d-a235-1d507702f30d', 'SUBJECT#1bc26a2a-0156-49a0-84d7-4830e28dcf49#QUESTION#2fccced1-069b-4213-ae04-0fc559e38e6f', 'ORG#b740450d-a05d-4e1d-a235-1d507702f30d', 'test2', 'paragraph');
INSERT INTO undefined (content, questionId, questionAnswers, isRequired, status, createdAt, competencyId, orderNumber, subjectId, organizationId, SK, PK, title, type) VALUES ('', '9c90e8f9-026a-46ef-bb69-d7ae058d4da0', [object Object],[object Object], true, 'publish', '2022-03-10T12:11:51.687Z', , 1, '1bc26a2a-0156-49a0-84d7-4830e28dcf49', 'b740450d-a05d-4e1d-a235-1d507702f30d', 'SUBJECT#1bc26a2a-0156-49a0-84d7-4830e28dcf49#QUESTION#9c90e8f9-026a-46ef-bb69-d7ae058d4da0', 'ORG#b740450d-a05d-4e1d-a235-1d507702f30d', 'test1', 'radio');
INSERT INTO subject (finalThank, visibility, createdAt, name, descriptionNative, code, subjectId, categoryId, organizationId, updatedAt, SK, end, sort, PK, description, id, introduction, nameNative, start) VALUES ('<p>Thank you!!</p>', '', '2023-10-25T03:56:38.452Z', 'Survey #1', , 'SV1', '1c4f9de1-a9b2-4081-8f9a-48739b299333', '8918c534-ffd0-4d90-89bb-4f2322d0bca5', 'b740450d-a05d-4e1d-a235-1d507702f30d', '2023-10-31T10:01:15.339Z', 'SUBJECT#1c4f9de1-a9b2-4081-8f9a-48739b299333', '2023-10-31', 0, 'ORG#b740450d-a05d-4e1d-a235-1d507702f30d', 'Survey Subtitle #1', '1c4f9de1-a9b2-4081-8f9a-48739b299333', '<p><span style="color: rgb(51, 51, 51);">This is the second section of your IELTS Academic Reading test. You should spend about 20 minutes on Questions 14–26, which are based on Reading Passage 2 on the following pages.</span></p>', , '2023-10-25');
INSERT INTO question (content, questionAnswers, questionId, isRequired, status, createdAt, orderNumber, subjectId, organizationId, updatedAt, SK, PK, title, type) VALUES ('<p>Survey Single Choice Q&amp;A</p>', [object Object],[object Object],[object Object], '87bb005f-6cee-45ee-a179-c938a510c799', true, 'publish', '2023-10-25T03:59:30.446Z', 3, '1c4f9de1-a9b2-4081-8f9a-48739b299333', 'b740450d-a05d-4e1d-a235-1d507702f30d', '2023-11-03T06:32:19.129Z', 'SUBJECT#1c4f9de1-a9b2-4081-8f9a-48739b299333#QUESTION#87bb005f-6cee-45ee-a179-c938a510c799', 'ORG#b740450d-a05d-4e1d-a235-1d507702f30d', 'Survey Single Choice Q&A', 'radio');
INSERT INTO question (content, questionAnswers, questionId, isRequired, status, createdAt, orderNumber, subjectId, organizationId, updatedAt, SK, PK, title, type) VALUES ('<p>Survey Multiple Choices Q&amp;A</p>', [object Object],[object Object],[object Object], '969f46f9-26b8-4d9a-a078-de6644a23002', false, 'publish', '2023-10-25T03:59:30.746Z', 2, '1c4f9de1-a9b2-4081-8f9a-48739b299333', 'b740450d-a05d-4e1d-a235-1d507702f30d', '2023-11-03T06:32:18.951Z', 'SUBJECT#1c4f9de1-a9b2-4081-8f9a-48739b299333#QUESTION#969f46f9-26b8-4d9a-a078-de6644a23002', 'ORG#b740450d-a05d-4e1d-a235-1d507702f30d', 'Survey Multiple Choices Q&A', 'checkbox');
INSERT INTO question (content, questionId, isRequired, status, createdAt, orderNumber, subjectId, organizationId, updatedAt, SK, PK, title, type) VALUES ('<p>Survey Open Question Q&amp;A</p>', 'b1f52264-3e5d-49d2-a06b-57009581639a', false, 'publish', '2023-10-25T03:59:30.962Z', 1, '1c4f9de1-a9b2-4081-8f9a-48739b299333', 'b740450d-a05d-4e1d-a235-1d507702f30d', '2023-11-03T06:32:18.430Z', 'SUBJECT#1c4f9de1-a9b2-4081-8f9a-48739b299333#QUESTION#b1f52264-3e5d-49d2-a06b-57009581639a', 'ORG#b740450d-a05d-4e1d-a235-1d507702f30d', 'Survey Open Question Q&A', 'paragraph');
INSERT INTO question (content, questionAnswers, questionId, isRequired, createdAt, schoolId, orderNumber, subjectId, organizationId, updatedAt, SK, PK, description, type) VALUES ('What is the world's best programming language?', [object Object],[object Object],[object Object],[object Object], 'b839f83e-5193-4c0e-8961-66fbaadddfd0', false, '2024-01-15T04:02:37.437Z', 'b740450d-a05d-4e1d-a235-1d507702f30d', 0, '1c4f9de1-a9b2-4081-8f9a-48739b299333', 'b740450d-a05d-4e1d-a235-1d507702f30d', '2024-01-15T04:02:45.164Z', 'SUBJECT#1c4f9de1-a9b2-4081-8f9a-48739b299333#QUESTION#b839f83e-5193-4c0e-8961-66fbaadddfd0', 'ORG#b740450d-a05d-4e1d-a235-1d507702f30d', '', 'radio');
INSERT INTO subject (finalThank, visibility, createdAt, name, descriptionNative, code, subjectId, categoryId, organizationId, updatedAt, SK, end, sort, PK, description, id, introduction, nameNative, start) VALUES ('<p>Your feedback has been submitted. Thanks for your time, We really appreciate this. </p>', '', '2024-01-02T08:14:25.717Z', 'Feedback on Event', , 'Personal Branding', '1f0f7c56-de63-4e3c-85e5-40ac41d97108', '747a4fa4-80e4-4d3f-98f1-aa269453e7b5', 'b740450d-a05d-4e1d-a235-1d507702f30d', '2024-01-02T08:29:16.664Z', 'SUBJECT#1f0f7c56-de63-4e3c-85e5-40ac41d97108', '2024-03-31', 0, 'ORG#b740450d-a05d-4e1d-a235-1d507702f30d', 'Build your Personal Branding', '1f0f7c56-de63-4e3c-85e5-40ac41d97108', '<p>Thanks for your participant. We would love to hear your feedback. Pleas give us a few minute for better and better the next event. </p>', , '2024-01-02');
INSERT INTO question (content, questionId, isRequired, status, createdAt, orderNumber, subjectId, organizationId, SK, PK, title, type) VALUES ('<p>Any overall feedback for the event?</p>', '1d9c53b3-ab96-4c7b-8f35-4f3c092ae80f', false, 'publish', '2024-01-15T04:00:10.082Z', 5, '1f0f7c56-de63-4e3c-85e5-40ac41d97108', 'b740450d-a05d-4e1d-a235-1d507702f30d', 'SUBJECT#1f0f7c56-de63-4e3c-85e5-40ac41d97108#QUESTION#1d9c53b3-ab96-4c7b-8f35-4f3c092ae80f', 'ORG#b740450d-a05d-4e1d-a235-1d507702f30d', 'Overall feedback for the event', 'paragraph');
INSERT INTO question (content, questionId, isRequired, status, createdAt, orderNumber, subjectId, organizationId, SK, PK, title, type) VALUES ('<p>What were your key take aways from this event?</p>', '957511c4-58b4-44dd-b47e-92211199f445', true, 'publish', '2024-01-02T08:47:23.046Z', 2, '1f0f7c56-de63-4e3c-85e5-40ac41d97108', 'b740450d-a05d-4e1d-a235-1d507702f30d', 'SUBJECT#1f0f7c56-de63-4e3c-85e5-40ac41d97108#QUESTION#957511c4-58b4-44dd-b47e-92211199f445', 'ORG#b740450d-a05d-4e1d-a235-1d507702f30d', 'Key take aways', 'paragraph');
INSERT INTO question (content, questionId, isRequired, status, createdAt, orderNumber, subjectId, organizationId, updatedAt, SK, PK, title, type) VALUES ('<p>Any additional comments regarding the sessions or overall agenda?</p>', '9aaf08dd-1a5c-45a7-b2fd-28b9ef4098da', true, 'publish', '2024-01-02T08:36:34.812Z', 4, '1f0f7c56-de63-4e3c-85e5-40ac41d97108', 'b740450d-a05d-4e1d-a235-1d507702f30d', '2024-01-02T08:47:23.877Z', 'SUBJECT#1f0f7c56-de63-4e3c-85e5-40ac41d97108#QUESTION#9aaf08dd-1a5c-45a7-b2fd-28b9ef4098da', 'ORG#b740450d-a05d-4e1d-a235-1d507702f30d', 'Sessions Feedback', 'paragraph');
INSERT INTO question (content, questionAnswers, questionId, isRequired, status, createdAt, orderNumber, subjectId, organizationId, updatedAt, SK, PK, title, type) VALUES ('<p>How relevant and helpful do you think it was for your job?</p>', [object Object],[object Object],[object Object], 'bf65adb6-8bbd-4017-b480-d8160d9efe4e', true, 'publish', '2024-01-02T08:36:34.399Z', 1, '1f0f7c56-de63-4e3c-85e5-40ac41d97108', 'b740450d-a05d-4e1d-a235-1d507702f30d', '2024-01-02T08:47:21.454Z', 'SUBJECT#1f0f7c56-de63-4e3c-85e5-40ac41d97108#QUESTION#bf65adb6-8bbd-4017-b480-d8160d9efe4e', 'ORG#b740450d-a05d-4e1d-a235-1d507702f30d', 'Topic relevant', 'radio');
INSERT INTO subject (finalThank, visibility, createdAt, name, descriptionNative, code, subjectId, organizationId, categoryId, SK, sort, end, description, PK, id, introduction, nameNative, start) VALUES ('<p>Bye from Selasak</p>', 'This is first option', '2022-10-17T02:55:29.876Z', 'Hello Survey', , 'SAK', '224da422-220d-4e22-9ba9-0f5768a973e3', 'b740450d-a05d-4e1d-a235-1d507702f30d', 'b4b52105-5164-4fa2-8650-8c771018b620', 'SUBJECT#224da422-220d-4e22-9ba9-0f5768a973e3', 0, '2022-10-14', 'Hi Survey', 'ORG#b740450d-a05d-4e1d-a235-1d507702f30d', '224da422-220d-4e22-9ba9-0f5768a973e3', '<p>Hello from Selasak</p>', , '2022-10-14');
INSERT INTO question (content, questionId, questionAnswers, isRequired, status, createdAt, orderNumber, subjectId, organizationId, SK, PK, title, type) VALUES ('<p>This is question 1</p>', '8f65f549-a01c-4469-9f2b-6fe0d4cc9bd4', [object Object],[object Object],[object Object],[object Object], true, 'publish', '2022-10-17T02:55:30.834Z', 1, '224da422-220d-4e22-9ba9-0f5768a973e3', 'b740450d-a05d-4e1d-a235-1d507702f30d', 'SUBJECT#224da422-220d-4e22-9ba9-0f5768a973e3#QUESTION#8f65f549-a01c-4469-9f2b-6fe0d4cc9bd4', 'ORG#b740450d-a05d-4e1d-a235-1d507702f30d', 'Question 1', 'radio');
INSERT INTO question (content, questionId, questionAnswers, isRequired, status, createdAt, orderNumber, subjectId, organizationId, SK, PK, title, type) VALUES ('<p>3</p>', 'ba3ab211-1f54-4fff-b3b0-882896a47686', [object Object],[object Object], false, 'publish', '2022-10-17T02:55:30.834Z', 3, '224da422-220d-4e22-9ba9-0f5768a973e3', 'b740450d-a05d-4e1d-a235-1d507702f30d', 'SUBJECT#224da422-220d-4e22-9ba9-0f5768a973e3#QUESTION#ba3ab211-1f54-4fff-b3b0-882896a47686', 'ORG#b740450d-a05d-4e1d-a235-1d507702f30d', 'Question 3', 'radio');
INSERT INTO question (content, questionId, isRequired, status, createdAt, orderNumber, subjectId, organizationId, SK, PK, title, type) VALUES ('<p>2</p>', 'ce5d088c-5332-4543-bad6-48fe1fb9db05', false, 'publish', '2022-10-17T02:55:30.834Z', 2, '224da422-220d-4e22-9ba9-0f5768a973e3', 'b740450d-a05d-4e1d-a235-1d507702f30d', 'SUBJECT#224da422-220d-4e22-9ba9-0f5768a973e3#QUESTION#ce5d088c-5332-4543-bad6-48fe1fb9db05', 'ORG#b740450d-a05d-4e1d-a235-1d507702f30d', 'Question 2', 'paragraph');
INSERT INTO subject (finalThank, visibility, createdAt, name, descriptionNative, code, subjectId, organizationId, categoryId, SK, sort, end, description, PK, id, introduction, nameNative, start) VALUES ('', '', '2022-09-13T04:31:09.806Z', 'test survey', , 'test survey', '2277c960-cfc3-4cf7-94df-dd72f79b00a8', 'b740450d-a05d-4e1d-a235-1d507702f30d', 'c821175f-e879-4cf4-96bd-ecdf970474f6', 'SUBJECT#2277c960-cfc3-4cf7-94df-dd72f79b00a8', 0, '2022-07-09', 'test survey', 'ORG#b740450d-a05d-4e1d-a235-1d507702f30d', '2277c960-cfc3-4cf7-94df-dd72f79b00a8', '', , '2022-07-09');
INSERT INTO subject (finalThank, visibility, createdAt, name, descriptionNative, code, subjectId, organizationId, categoryId, SK, sort, end, description, PK, id, introduction, nameNative, start) VALUES ('', '', '2022-10-31T03:09:10.725Z', 'other test', , 'other', '2305f667-5acc-4c48-a4ee-e04b96c917f7', 'b740450d-a05d-4e1d-a235-1d507702f30d', 'e752c760-a6ab-4032-ae1e-891dd490e8c6', 'SUBJECT#2305f667-5acc-4c48-a4ee-e04b96c917f7', 0, '2022-10-31', 'other test', 'ORG#b740450d-a05d-4e1d-a235-1d507702f30d', '2305f667-5acc-4c48-a4ee-e04b96c917f7', '', , '2022-10-31');
INSERT INTO question (content, questionId, isRequired, status, createdAt, orderNumber, subjectId, organizationId, SK, PK, title, type) VALUES ('<p>other test</p>', '441eeb65-3b9f-4063-afd2-cce1912ba64d', true, 'publish', '2022-10-31T03:09:27.407Z', 1, '2305f667-5acc-4c48-a4ee-e04b96c917f7', 'b740450d-a05d-4e1d-a235-1d507702f30d', 'SUBJECT#2305f667-5acc-4c48-a4ee-e04b96c917f7#QUESTION#441eeb65-3b9f-4063-afd2-cce1912ba64d', 'ORG#b740450d-a05d-4e1d-a235-1d507702f30d', 'other test', 'paragraph');
INSERT INTO subject (finalThank, visibility, createdAt, name, descriptionNative, code, subjectId, organizationId, categoryId, SK, sort, end, description, PK, id, introduction, nameNative, start) VALUES ('', '', '2022-09-13T04:23:16.368Z', 'test survey', , 'test survey', '24197711-c0e4-4161-abea-a7d50688e1ce', 'b740450d-a05d-4e1d-a235-1d507702f30d', 'c821175f-e879-4cf4-96bd-ecdf970474f6', 'SUBJECT#24197711-c0e4-4161-abea-a7d50688e1ce', 0, '2022-07-09', 'test survey', 'ORG#b740450d-a05d-4e1d-a235-1d507702f30d', '24197711-c0e4-4161-abea-a7d50688e1ce', '', , '2022-07-09');
INSERT INTO subject (finalThank, visibility, createdAt, name, descriptionNative, code, subjectId, organizationId, categoryId, SK, sort, end, description, PK, id, introduction, nameNative, start) VALUES ('', '', '2022-09-13T04:28:48.545Z', 'test survey', , 'test survey', '24609284-4c8a-4c37-b612-ffc31bbbdd13', 'b740450d-a05d-4e1d-a235-1d507702f30d', 'c821175f-e879-4cf4-96bd-ecdf970474f6', 'SUBJECT#24609284-4c8a-4c37-b612-ffc31bbbdd13', 0, '2022-07-09', 'test survey', 'ORG#b740450d-a05d-4e1d-a235-1d507702f30d', '24609284-4c8a-4c37-b612-ffc31bbbdd13', '', , '2022-07-09');
INSERT INTO undefined (finalThank, visibility, createdAt, name, descriptionNative, code, subjectId, organizationId, categoryId, SK, sort, end, description, PK, id, introduction, nameNative, start) VALUES ('finalThank', 'visibility', '2022-06-23T07:18:07.586Z', 'name1', 'descriptionNative', 'code', '26b20cb9-5ddc-4fb5-91f5-183d280b6bc0', 'b740450d-a05d-4e1d-a235-1d507702f30d', 'categoryId', 'SUBJECT#26b20cb9-5ddc-4fb5-91f5-183d280b6bc0', 0, '02/02/2022', 'description', 'ORG#b740450d-a05d-4e1d-a235-1d507702f30d', '26b20cb9-5ddc-4fb5-91f5-183d280b6bc0', 'introduction', 'nameNative', '01/01/2022');
INSERT INTO undefined (content, questionId, questionAnswers, isRequired, status, createdAt, subjectId, organizationId, SK, sort, PK, type) VALUES ('Chose 2 correct answer What are the neighbor of Cambodia?', '8ae7ae2d-3801-4a20-ab27-0a517b67df9e', [object Object],[object Object],[object Object],[object Object], true, 'publish', '2022-06-23T07:25:31.562Z', '26b20cb9-5ddc-4fb5-91f5-183d280b6bc0', 'b740450d-a05d-4e1d-a235-1d507702f30d', 'SUBJECT#26b20cb9-5ddc-4fb5-91f5-183d280b6bc0#QUESTION#8ae7ae2d-3801-4a20-ab27-0a517b67df9e', 0, 'ORG#b740450d-a05d-4e1d-a235-1d507702f30d', 'checkbox');
INSERT INTO subject (finalThank, visibility, createdAt, name, descriptionNative, code, subjectId, categoryId, organizationId, updatedAt, SK, end, sort, PK, description, id, introduction, nameNative, start) VALUES ('<p>Final Thanks 1</p>', '', '2023-12-18T04:52:54.667Z', 'Event Class 1', , 'admission-test', '2896eacf-4cc8-4392-b0e9-77e2c6410848', '04c7eba7-bff1-47ef-94bb-ac56e0561da2', 'b740450d-a05d-4e1d-a235-1d507702f30d', '2023-12-18T04:55:14.527Z', 'SUBJECT#2896eacf-4cc8-4392-b0e9-77e2c6410848', '2023-12-31', 0, 'ORG#b740450d-a05d-4e1d-a235-1d507702f30d', 'Although a form submit to /refresh_token will work and a new access token will be returned, the attacker can't read the response if they're using an HTML form. To prevent the attacker from successfully making a fetch or AJAX request and read the response, this requires the Authorization Server's CORS policy to be set up correctly to prevent requests from unauthorized websites.', '2896eacf-4cc8-4392-b0e9-77e2c6410848', '<p>Introduction 1</p>', , '2023-12-18');
INSERT INTO question (content, questionAnswers, questionId, isRequired, status, createdAt, orderNumber, subjectId, organizationId, updatedAt, SK, PK, title, type) VALUES ('<p>Description 2</p>', [object Object],[object Object],[object Object], '558875ce-7c10-4b14-a268-eeb8a6b096c7', true, 'publish', '2023-12-18T04:54:40.967Z', 2, '2896eacf-4cc8-4392-b0e9-77e2c6410848', 'b740450d-a05d-4e1d-a235-1d507702f30d', '2023-12-18T04:55:37.954Z', 'SUBJECT#2896eacf-4cc8-4392-b0e9-77e2c6410848#QUESTION#558875ce-7c10-4b14-a268-eeb8a6b096c7', 'ORG#b740450d-a05d-4e1d-a235-1d507702f30d', 'Title 2', 'radio');
INSERT INTO question (content, questionAnswers, questionId, isRequired, status, createdAt, orderNumber, subjectId, organizationId, updatedAt, SK, PK, title, type) VALUES ('<p>Description 1</p>', [object Object],[object Object],[object Object], '8b62afca-9de1-404f-b4a6-7374c03a370a', true, 'publish', '2023-12-18T04:54:40.650Z', 1, '2896eacf-4cc8-4392-b0e9-77e2c6410848', 'b740450d-a05d-4e1d-a235-1d507702f30d', '2023-12-18T04:55:37.367Z', 'SUBJECT#2896eacf-4cc8-4392-b0e9-77e2c6410848#QUESTION#8b62afca-9de1-404f-b4a6-7374c03a370a', 'ORG#b740450d-a05d-4e1d-a235-1d507702f30d', 'Titile 1', 'checkbox');
INSERT INTO question (content, questionId, isRequired, status, createdAt, orderNumber, subjectId, organizationId, updatedAt, SK, PK, title, type) VALUES ('<p>Description</p>', 'b83dbe3c-125a-4756-a8b3-2b46ae016313', true, 'publish', '2023-12-18T04:54:41.132Z', 3, '2896eacf-4cc8-4392-b0e9-77e2c6410848', 'b740450d-a05d-4e1d-a235-1d507702f30d', '2023-12-18T04:55:38.116Z', 'SUBJECT#2896eacf-4cc8-4392-b0e9-77e2c6410848#QUESTION#b83dbe3c-125a-4756-a8b3-2b46ae016313', 'ORG#b740450d-a05d-4e1d-a235-1d507702f30d', 'Title 3', 'paragraph');
INSERT INTO undefined (finalThank, visibility, createdAt, name, descriptionNative, code, subjectId, organizationId, categoryId, SK, sort, end, description, PK, id, introduction, nameNative, start) VALUES ('', '', '2023-03-02T12:40:13.988Z', 'test survey', , 'test', '2912dcf3-5194-4a37-b018-18f7730a025c', 'b740450d-a05d-4e1d-a235-1d507702f30d', 'd41fd280-b3bc-4525-8c93-22c07f71f797', 'SUBJECT#2912dcf3-5194-4a37-b018-18f7730a025c', 0, '2022-06-29', 'test survey', 'ORG#b740450d-a05d-4e1d-a235-1d507702f30d', '2912dcf3-5194-4a37-b018-18f7730a025c', '', , '2022-06-29');
INSERT INTO undefined (content, questionId, questionAnswers, isRequired, status, createdAt, orderNumber, subjectId, organizationId, SK, PK, title, type) VALUES ('', '44195294-dc3a-4748-bb3a-0b94eb5ccbae', [object Object],[object Object],[object Object], true, 'publish', '2023-03-02T12:40:15.187Z', 3, '2912dcf3-5194-4a37-b018-18f7730a025c', 'b740450d-a05d-4e1d-a235-1d507702f30d', 'SUBJECT#2912dcf3-5194-4a37-b018-18f7730a025c#QUESTION#44195294-dc3a-4748-bb3a-0b94eb5ccbae', 'ORG#b740450d-a05d-4e1d-a235-1d507702f30d', 'test3', 'checkbox');
INSERT INTO undefined (content, questionId, questionAnswers, isRequired, status, createdAt, orderNumber, subjectId, organizationId, SK, PK, title, type) VALUES ('', 'aded5a8f-2731-48de-8280-ac75135c8e73', [object Object],[object Object], false, 'publish', '2023-03-02T12:40:15.187Z', 2, '2912dcf3-5194-4a37-b018-18f7730a025c', 'b740450d-a05d-4e1d-a235-1d507702f30d', 'SUBJECT#2912dcf3-5194-4a37-b018-18f7730a025c#QUESTION#aded5a8f-2731-48de-8280-ac75135c8e73', 'ORG#b740450d-a05d-4e1d-a235-1d507702f30d', 'test2', 'radio');
INSERT INTO undefined (content, questionId, isRequired, status, createdAt, orderNumber, subjectId, organizationId, SK, PK, title, type) VALUES ('', 'bc7593c6-b513-4d4e-9a90-52a9a1ddb17b', true, 'publish', '2023-03-02T12:40:15.187Z', 1, '2912dcf3-5194-4a37-b018-18f7730a025c', 'b740450d-a05d-4e1d-a235-1d507702f30d', 'SUBJECT#2912dcf3-5194-4a37-b018-18f7730a025c#QUESTION#bc7593c6-b513-4d4e-9a90-52a9a1ddb17b', 'ORG#b740450d-a05d-4e1d-a235-1d507702f30d', 'test1', 'paragraph');
INSERT INTO subject (finalThank, visibility, createdAt, name, descriptionNative, code, subjectId, organizationId, categoryId, SK, sort, end, description, PK, id, introduction, nameNative, start) VALUES ('', '', '2022-09-15T02:50:16.267Z', 'survey', , 'survey', '2e01b14a-a582-441a-8b13-b4a8b54d20fd', 'b740450d-a05d-4e1d-a235-1d507702f30d', '710c165f-6d7b-4ff0-b5de-41a0a946f0e5', 'SUBJECT#2e01b14a-a582-441a-8b13-b4a8b54d20fd', 0, '2022-09-15', 'survey', 'ORG#b740450d-a05d-4e1d-a235-1d507702f30d', '2e01b14a-a582-441a-8b13-b4a8b54d20fd', '', , '2022-09-15');
INSERT INTO question (content, questionId, questionAnswers, isRequired, status, createdAt, orderNumber, subjectId, organizationId, SK, PK, title, type) VALUES ('', '0df4176d-1c4c-4eb6-b7dd-d178c2c3107b', [object Object],[object Object], false, 'publish', '2022-10-07T08:02:16.830Z', 4, '2e01b14a-a582-441a-8b13-b4a8b54d20fd', 'b740450d-a05d-4e1d-a235-1d507702f30d', 'SUBJECT#2e01b14a-a582-441a-8b13-b4a8b54d20fd#QUESTION#0df4176d-1c4c-4eb6-b7dd-d178c2c3107b', 'ORG#b740450d-a05d-4e1d-a235-1d507702f30d', 'question 4', 'checkbox');
INSERT INTO question (content, questionId, isRequired, status, createdAt, orderNumber, subjectId, organizationId, updatedAt, SK, PK, title, type) VALUES ('', '631237a9-7455-480c-9ce4-735329cfeb8c', false, 'publish', '2022-09-15T02:50:16.603Z', 1, '2e01b14a-a582-441a-8b13-b4a8b54d20fd', 'b740450d-a05d-4e1d-a235-1d507702f30d', '2022-10-07T08:02:14.101Z', 'SUBJECT#2e01b14a-a582-441a-8b13-b4a8b54d20fd#QUESTION#631237a9-7455-480c-9ce4-735329cfeb8c', 'ORG#b740450d-a05d-4e1d-a235-1d507702f30d', 'question1', 'paragraph');
INSERT INTO question (content, questionId, questionAnswers, isRequired, status, createdAt, orderNumber, subjectId, organizationId, SK, PK, title, type) VALUES ('', '991fef5a-4747-402b-853e-95c9af5718b8', [object Object],[object Object], false, 'publish', '2022-10-07T08:02:16.310Z', 3, '2e01b14a-a582-441a-8b13-b4a8b54d20fd', 'b740450d-a05d-4e1d-a235-1d507702f30d', 'SUBJECT#2e01b14a-a582-441a-8b13-b4a8b54d20fd#QUESTION#991fef5a-4747-402b-853e-95c9af5718b8', 'ORG#b740450d-a05d-4e1d-a235-1d507702f30d', 'question3', 'radio');
INSERT INTO question (content, questionId, questionAnswers, isRequired, status, createdAt, orderNumber, subjectId, organizationId, SK, PK, title, type) VALUES ('', 'aad817cd-d345-4035-8e9f-bd2f46dc49c6', [object Object],[object Object],[object Object], false, 'publish', '2022-10-07T08:02:17.529Z', 6, '2e01b14a-a582-441a-8b13-b4a8b54d20fd', 'b740450d-a05d-4e1d-a235-1d507702f30d', 'SUBJECT#2e01b14a-a582-441a-8b13-b4a8b54d20fd#QUESTION#aad817cd-d345-4035-8e9f-bd2f46dc49c6', 'ORG#b740450d-a05d-4e1d-a235-1d507702f30d', 'question 6', 'checkbox');
INSERT INTO question (content, questionId, questionAnswers, isRequired, status, createdAt, orderNumber, subjectId, organizationId, SK, PK, title, type) VALUES ('', 'bd0a85a0-a6c6-4ec2-96c1-ea99d551d534', [object Object],[object Object],[object Object], false, 'publish', '2022-10-07T08:02:17.152Z', 5, '2e01b14a-a582-441a-8b13-b4a8b54d20fd', 'b740450d-a05d-4e1d-a235-1d507702f30d', 'SUBJECT#2e01b14a-a582-441a-8b13-b4a8b54d20fd#QUESTION#bd0a85a0-a6c6-4ec2-96c1-ea99d551d534', 'ORG#b740450d-a05d-4e1d-a235-1d507702f30d', 'question 4', 'checkbox');
INSERT INTO question (content, questionId, isRequired, status, createdAt, orderNumber, subjectId, organizationId, updatedAt, SK, PK, title, type) VALUES ('', 'd0d696b4-6f9d-48a3-9648-1db3b4e2a7a8', false, 'publish', '2022-09-15T02:50:16.603Z', 2, '2e01b14a-a582-441a-8b13-b4a8b54d20fd', 'b740450d-a05d-4e1d-a235-1d507702f30d', '2022-10-07T08:02:15.110Z', 'SUBJECT#2e01b14a-a582-441a-8b13-b4a8b54d20fd#QUESTION#d0d696b4-6f9d-48a3-9648-1db3b4e2a7a8', 'ORG#b740450d-a05d-4e1d-a235-1d507702f30d', 'test', 'paragraph');
INSERT INTO subject (finalThank, visibility, createdAt, name, descriptionNative, code, subjectId, organizationId, categoryId, SK, sort, end, description, PK, id, introduction, nameNative, start) VALUES ('', '', '2022-09-21T09:53:44.281Z', 'survey', , 'survey', '2e028105-3336-45de-b3db-ab30bab7ed2c', 'b740450d-a05d-4e1d-a235-1d507702f30d', '130b3a4e-586b-4f3d-85c7-8ca00572c108', 'SUBJECT#2e028105-3336-45de-b3db-ab30bab7ed2c', 0, '2022-09-15', 'survey', 'ORG#b740450d-a05d-4e1d-a235-1d507702f30d', '2e028105-3336-45de-b3db-ab30bab7ed2c', '', , '2022-09-15');
INSERT INTO question (content, questionId, isRequired, status, createdAt, orderNumber, subjectId, organizationId, SK, PK, title, type) VALUES ('', '384a9343-7a9a-4a13-8632-c7e157049271', false, 'publish', '2022-09-21T09:53:45.236Z', 2, '2e028105-3336-45de-b3db-ab30bab7ed2c', 'b740450d-a05d-4e1d-a235-1d507702f30d', 'SUBJECT#2e028105-3336-45de-b3db-ab30bab7ed2c#QUESTION#384a9343-7a9a-4a13-8632-c7e157049271', 'ORG#b740450d-a05d-4e1d-a235-1d507702f30d', 'test', 'paragraph');
INSERT INTO question (content, questionId, isRequired, status, createdAt, orderNumber, subjectId, organizationId, SK, PK, title, type) VALUES ('', 'af0bc318-97c2-45b8-8033-487e2644ca76', false, 'publish', '2022-09-21T09:53:45.236Z', 1, '2e028105-3336-45de-b3db-ab30bab7ed2c', 'b740450d-a05d-4e1d-a235-1d507702f30d', 'SUBJECT#2e028105-3336-45de-b3db-ab30bab7ed2c#QUESTION#af0bc318-97c2-45b8-8033-487e2644ca76', 'ORG#b740450d-a05d-4e1d-a235-1d507702f30d', 'question1', 'paragraph');
INSERT INTO subject (finalThank, visibility, createdAt, name, descriptionNative, code, subjectId, organizationId, categoryId, SK, sort, end, description, PK, id, introduction, nameNative, start) VALUES ('', '', '2022-09-13T04:31:09.746Z', 'test survey', , 'test survey', '30d01c57-fd1f-43b7-bf32-9690a64a7c93', 'b740450d-a05d-4e1d-a235-1d507702f30d', 'c821175f-e879-4cf4-96bd-ecdf970474f6', 'SUBJECT#30d01c57-fd1f-43b7-bf32-9690a64a7c93', 0, '2022-07-09', 'test survey', 'ORG#b740450d-a05d-4e1d-a235-1d507702f30d', '30d01c57-fd1f-43b7-bf32-9690a64a7c93', '', , '2022-07-09');
INSERT INTO undefined (finalThank, visibility, createdAt, name, descriptionNative, code, subjectId, organizationId, categoryId, SK, end, description, PK, introduction, nameNative, start) VALUES ('<p>Thank for complete the survey</p>', 'This is first option', '2022-04-11T08:54:25.504Z', 'Test Survey', , 'TS', '30dc2b58-742a-48b9-8803-6d85006ac187', 'b740450d-a05d-4e1d-a235-1d507702f30d', '405f6d3a-ad80-437b-8d18-5af1181b2b30', 'SUBJECT#30dc2b58-742a-48b9-8803-6d85006ac187', '2022-04-13', 'Here is the survey sub title', 'ORG#b740450d-a05d-4e1d-a235-1d507702f30d', '<p>Welcome to the survey</p>', , '2022-04-11');
INSERT INTO subject (finalThank, visibility, createdAt, name, descriptionNative, code, subjectId, organizationId, categoryId, SK, sort, end, description, PK, id, introduction, nameNative, start) VALUES ('', '', '2022-09-13T04:23:16.402Z', 'test survey', , 'test survey', '32235346-473a-4c80-9c00-2f3bbc0a921d', 'b740450d-a05d-4e1d-a235-1d507702f30d', 'c821175f-e879-4cf4-96bd-ecdf970474f6', 'SUBJECT#32235346-473a-4c80-9c00-2f3bbc0a921d', 0, '2022-07-09', 'test survey', 'ORG#b740450d-a05d-4e1d-a235-1d507702f30d', '32235346-473a-4c80-9c00-2f3bbc0a921d', '', , '2022-07-09');
INSERT INTO subject (finalThank, visibility, createdAt, schoolId, name, descriptionNative, code, subjectId, categoryId, organizationId, updatedAt, SK, end, sort, PK, description, id, introduction, nameNative, start) VALUES ('', '', '2022-09-21T09:53:54.238Z', 'b740450d-a05d-4e1d-a235-1d507702f30d', 'survey_', , 'survey', '34c3d8de-6de6-48b3-8328-48e09281a405', '5dfbfb44-5e01-407c-a3ff-93c607ce142b', 'b740450d-a05d-4e1d-a235-1d507702f30d', '2024-01-15T04:01:11.454Z', 'SUBJECT#34c3d8de-6de6-48b3-8328-48e09281a405', '2022-09-15', 0, 'ORG#b740450d-a05d-4e1d-a235-1d507702f30d', 'survey', '34c3d8de-6de6-48b3-8328-48e09281a405', '', , '2022-09-15');
INSERT INTO question (content, questionId, isRequired, status, createdAt, orderNumber, subjectId, organizationId, SK, PK, title, type) VALUES ('', '9bc0eca9-5938-4d10-af0e-bf4a7b06f4d9', false, 'publish', '2022-09-21T09:53:54.535Z', 1, '34c3d8de-6de6-48b3-8328-48e09281a405', 'b740450d-a05d-4e1d-a235-1d507702f30d', 'SUBJECT#34c3d8de-6de6-48b3-8328-48e09281a405#QUESTION#9bc0eca9-5938-4d10-af0e-bf4a7b06f4d9', 'ORG#b740450d-a05d-4e1d-a235-1d507702f30d', 'question1', 'paragraph');
INSERT INTO subject (finalThank, visibility, createdAt, name, descriptionNative, code, subjectId, organizationId, categoryId, SK, sort, end, description, PK, id, introduction, nameNative, start) VALUES ('finalThank', 'visibility', '2023-06-27T07:02:11.740Z', 'name1', 'descriptionNative', 'code', '3b2f4bba-29df-4969-94ac-37deb3d4417a', 'b740450d-a05d-4e1d-a235-1d507702f30d', 'categoryId', 'SUBJECT#3b2f4bba-29df-4969-94ac-37deb3d4417a', 0, '02/02/2022', 'description', 'ORG#b740450d-a05d-4e1d-a235-1d507702f30d', '3b2f4bba-29df-4969-94ac-37deb3d4417a', 'introduction', 'nameNative', '01/01/2022');
INSERT INTO question (content, questionId, questionAnswers, isRequired, status, createdAt, orderNumber, subjectId, organizationId, SK, PK, type) VALUES ('Chose 2 correct answer What are the neighbor of Cambodia?', '448e89cb-aa82-486b-80bd-330aada5373a', [object Object],[object Object],[object Object],[object Object], true, 'publish', '2023-06-27T04:23:17.146Z', 0, '3b2f4bba-29df-4969-94ac-37deb3d4417a', 'b740450d-a05d-4e1d-a235-1d507702f30d', 'SUBJECT#3b2f4bba-29df-4969-94ac-37deb3d4417a#QUESTION#448e89cb-aa82-486b-80bd-330aada5373a', 'ORG#b740450d-a05d-4e1d-a235-1d507702f30d', 'checkbox');
INSERT INTO question (content, questionId, isRequired, status, createdAt, orderNumber, subjectId, organizationId, SK, PK, type) VALUES ('What is your name?', '6076511b-b363-4a30-91c2-957b8c63d222', true, 'publish', '2023-06-27T04:23:22.690Z', 0, '3b2f4bba-29df-4969-94ac-37deb3d4417a', 'b740450d-a05d-4e1d-a235-1d507702f30d', 'SUBJECT#3b2f4bba-29df-4969-94ac-37deb3d4417a#QUESTION#6076511b-b363-4a30-91c2-957b8c63d222', 'ORG#b740450d-a05d-4e1d-a235-1d507702f30d', 'paragraph');
INSERT INTO subject (finalThank, visibility, createdAt, name, descriptionNative, code, subjectId, organizationId, categoryId, SK, sort, end, description, PK, id, introduction, nameNative, start) VALUES ('<p>new survey final thanks</p>', '', '2022-07-09T08:14:56.057Z', 'new survey', , 'new survey', '3c5c621e-2de1-49f0-aa3b-148a0ae567d9', 'b740450d-a05d-4e1d-a235-1d507702f30d', 'da9446b9-77f5-4a4c-9044-7d7488137a39', 'SUBJECT#3c5c621e-2de1-49f0-aa3b-148a0ae567d9', 0, '2022-07-09', 'new survey', 'ORG#b740450d-a05d-4e1d-a235-1d507702f30d', '3c5c621e-2de1-49f0-aa3b-148a0ae567d9', '<p>new survey introduction</p>', , '2022-07-09');
INSERT INTO question (content, questionId, questionAnswers, isRequired, status, createdAt, orderNumber, subjectId, organizationId, SK, PK, title, type) VALUES ('<p>question 2 description</p>', '5068e49e-de6a-47df-a278-179ca00c3c98', [object Object],[object Object],[object Object], true, 'publish', '2022-07-09T08:16:55.315Z', 2, '3c5c621e-2de1-49f0-aa3b-148a0ae567d9', 'b740450d-a05d-4e1d-a235-1d507702f30d', 'SUBJECT#3c5c621e-2de1-49f0-aa3b-148a0ae567d9#QUESTION#5068e49e-de6a-47df-a278-179ca00c3c98', 'ORG#b740450d-a05d-4e1d-a235-1d507702f30d', 'question 2', 'checkbox');
INSERT INTO question (content, questionId, questionAnswers, isRequired, status, createdAt, orderNumber, subjectId, organizationId, SK, PK, title, type) VALUES ('<p>question 3 description</p>', '6bf88229-2bab-40de-a8c4-8ab44efaba93', [object Object],[object Object], false, 'publish', '2022-07-09T08:16:55.624Z', 3, '3c5c621e-2de1-49f0-aa3b-148a0ae567d9', 'b740450d-a05d-4e1d-a235-1d507702f30d', 'SUBJECT#3c5c621e-2de1-49f0-aa3b-148a0ae567d9#QUESTION#6bf88229-2bab-40de-a8c4-8ab44efaba93', 'ORG#b740450d-a05d-4e1d-a235-1d507702f30d', 'question 3', 'radio');
INSERT INTO question (content, questionId, isRequired, status, createdAt, orderNumber, subjectId, organizationId, SK, PK, title, type) VALUES ('<p>Question 1 description</p>', 'ecfe5625-dbf2-497c-adea-df274f330624', false, 'publish', '2022-07-09T08:16:54.801Z', 1, '3c5c621e-2de1-49f0-aa3b-148a0ae567d9', 'b740450d-a05d-4e1d-a235-1d507702f30d', 'SUBJECT#3c5c621e-2de1-49f0-aa3b-148a0ae567d9#QUESTION#ecfe5625-dbf2-497c-adea-df274f330624', 'ORG#b740450d-a05d-4e1d-a235-1d507702f30d', 'Question 1', 'paragraph');
INSERT INTO subject (finalThank, visibility, createdAt, name, descriptionNative, code, subjectId, organizationId, categoryId, SK, sort, end, description, PK, id, introduction, nameNative, start) VALUES ('<p>5</p>', '', '2023-08-22T08:40:44.894Z', '2', , '1', '3f696ed6-82c3-4174-a0f8-679fe586eee5', 'b740450d-a05d-4e1d-a235-1d507702f30d', '84375d81-f90a-497f-866e-751c7b4f7492', 'SUBJECT#3f696ed6-82c3-4174-a0f8-679fe586eee5', 0, '2023-08-22', '3', 'ORG#b740450d-a05d-4e1d-a235-1d507702f30d', '3f696ed6-82c3-4174-a0f8-679fe586eee5', '<p>4</p>', , '2023-08-22');
INSERT INTO question (content, questionId, isRequired, status, createdAt, orderNumber, subjectId, organizationId, SK, PK, title, type) VALUES ('<p>11</p>', 'cbd9b4c0-a132-4a7e-be95-4c4716f9e657', false, 'publish', '2023-08-22T08:41:11.164Z', 2, '3f696ed6-82c3-4174-a0f8-679fe586eee5', 'b740450d-a05d-4e1d-a235-1d507702f30d', 'SUBJECT#3f696ed6-82c3-4174-a0f8-679fe586eee5#QUESTION#cbd9b4c0-a132-4a7e-be95-4c4716f9e657', 'ORG#b740450d-a05d-4e1d-a235-1d507702f30d', '10', 'paragraph');
INSERT INTO question (content, questionId, questionAnswers, isRequired, status, createdAt, orderNumber, subjectId, organizationId, SK, PK, title, type) VALUES ('<p>7</p>', 'e6edf334-a4cd-47da-b7a9-8a4fc2767b70', [object Object],[object Object], true, 'publish', '2023-08-22T08:41:10.825Z', 1, '3f696ed6-82c3-4174-a0f8-679fe586eee5', 'b740450d-a05d-4e1d-a235-1d507702f30d', 'SUBJECT#3f696ed6-82c3-4174-a0f8-679fe586eee5#QUESTION#e6edf334-a4cd-47da-b7a9-8a4fc2767b70', 'ORG#b740450d-a05d-4e1d-a235-1d507702f30d', '6', 'radio');
INSERT INTO undefined (finalThank, visibility, createdAt, name, descriptionNative, code, subjectId, categoryId, organizationId, updatedAt, SK, end, sort, PK, description, id, introduction, nameNative, start) VALUES ('', '', '2022-06-24T03:13:06.857Z', 'Survey test', , 'test', '430c763d-5b8a-40a7-960f-9c3d7885f7b9', 'c2de339c-d63c-42df-af57-c6b40419ac66', 'b740450d-a05d-4e1d-a235-1d507702f30d', '2022-07-07T16:40:21.131Z', 'SUBJECT#430c763d-5b8a-40a7-960f-9c3d7885f7b9', '2022-06-24', 0, 'ORG#b740450d-a05d-4e1d-a235-1d507702f30d', 'test', '430c763d-5b8a-40a7-960f-9c3d7885f7b9', '', , '2022-06-24');
INSERT INTO undefined (content, questionAnswers, questionId, isRequired, status, createdAt, orderNumber, subjectId, organizationId, updatedAt, SK, PK, title, type) VALUES ('', [object Object],[object Object],[object Object], '23a986bc-1dc8-4352-bee7-4733d0ccf252', false, 'publish', '2022-06-28T02:55:35.175Z', 4, '430c763d-5b8a-40a7-960f-9c3d7885f7b9', 'b740450d-a05d-4e1d-a235-1d507702f30d', '2022-07-21T04:31:25.182Z', 'SUBJECT#430c763d-5b8a-40a7-960f-9c3d7885f7b9#QUESTION#23a986bc-1dc8-4352-bee7-4733d0ccf252', 'ORG#b740450d-a05d-4e1d-a235-1d507702f30d', 'question 5', 'checkbox');
INSERT INTO undefined (content, questionAnswers, questionId, isRequired, status, createdAt, orderNumber, subjectId, organizationId, updatedAt, SK, PK, title, type) VALUES ('', [object Object],[object Object], '3fc10fde-59c5-4fdc-a779-f7c38068138f', false, 'publish', '2022-06-28T02:55:34.277Z', 1, '430c763d-5b8a-40a7-960f-9c3d7885f7b9', 'b740450d-a05d-4e1d-a235-1d507702f30d', '2022-07-21T04:31:23.871Z', 'SUBJECT#430c763d-5b8a-40a7-960f-9c3d7885f7b9#QUESTION#3fc10fde-59c5-4fdc-a779-f7c38068138f', 'ORG#b740450d-a05d-4e1d-a235-1d507702f30d', 'question2', 'radio');
INSERT INTO undefined (content, questionId, isRequired, status, createdAt, orderNumber, subjectId, organizationId, updatedAt, SK, PK, title, type) VALUES ('', '64b1feb9-8866-4133-b53c-ca21caa759b5', false, 'publish', '2022-06-28T02:55:34.848Z', 3, '430c763d-5b8a-40a7-960f-9c3d7885f7b9', 'b740450d-a05d-4e1d-a235-1d507702f30d', '2022-07-21T04:31:24.870Z', 'SUBJECT#430c763d-5b8a-40a7-960f-9c3d7885f7b9#QUESTION#64b1feb9-8866-4133-b53c-ca21caa759b5', 'ORG#b740450d-a05d-4e1d-a235-1d507702f30d', 'question 4', 'paragraph');
INSERT INTO undefined (content, questionAnswers, questionId, isRequired, status, createdAt, orderNumber, subjectId, organizationId, updatedAt, SK, PK, title, type) VALUES ('', [object Object],[object Object],[object Object], '9e41c443-f0ad-4ed6-93ad-1e9d9cbdc546', false, 'publish', '2022-06-28T02:55:34.569Z', 2, '430c763d-5b8a-40a7-960f-9c3d7885f7b9', 'b740450d-a05d-4e1d-a235-1d507702f30d', '2022-07-21T04:31:24.570Z', 'SUBJECT#430c763d-5b8a-40a7-960f-9c3d7885f7b9#QUESTION#9e41c443-f0ad-4ed6-93ad-1e9d9cbdc546', 'ORG#b740450d-a05d-4e1d-a235-1d507702f30d', 'question3', 'checkbox');
INSERT INTO undefined (content, questionId, isRequired, status, createdAt, orderNumber, subjectId, organizationId, updatedAt, SK, PK, title, type) VALUES ('', 'a6851e88-0660-46cd-afb4-87d67a869032', true, 'publish', '2022-06-28T02:55:33.671Z', 6, '430c763d-5b8a-40a7-960f-9c3d7885f7b9', 'b740450d-a05d-4e1d-a235-1d507702f30d', '2022-07-21T04:31:25.897Z', 'SUBJECT#430c763d-5b8a-40a7-960f-9c3d7885f7b9#QUESTION#a6851e88-0660-46cd-afb4-87d67a869032', 'ORG#b740450d-a05d-4e1d-a235-1d507702f30d', 'question 1', 'paragraph');
INSERT INTO subject (finalThank, visibility, createdAt, name, descriptionNative, code, subjectId, organizationId, categoryId, SK, sort, description, PK, id, introduction, nameNative) VALUES ('', , '2024-01-15T04:04:37.798Z', 'Career Center', , , '45f90985-c6c0-4d03-93e7-a21b62297592', 'b740450d-a05d-4e1d-a235-1d507702f30d', 'aea579d8-5d0b-499e-90b9-b3e9eddeb8c8', 'SUBJECT#45f90985-c6c0-4d03-93e7-a21b62297592', 0, , 'ORG#b740450d-a05d-4e1d-a235-1d507702f30d', '45f90985-c6c0-4d03-93e7-a21b62297592', '', );
INSERT INTO question (content, questionId, questionAnswers, isRequired, createdAt, orderNumber, subjectId, organizationId, SK, PK, type) VALUES ('Where has you been in your life', '02f0df61-68fe-4921-9287-b38ef534626b', [object Object],[object Object],[object Object],[object Object],[object Object], true, '2024-01-15T04:10:07.912Z', 0, '45f90985-c6c0-4d03-93e7-a21b62297592', 'b740450d-a05d-4e1d-a235-1d507702f30d', 'SUBJECT#45f90985-c6c0-4d03-93e7-a21b62297592#QUESTION#02f0df61-68fe-4921-9287-b38ef534626b', 'ORG#b740450d-a05d-4e1d-a235-1d507702f30d', 'checkbox');
INSERT INTO question (content, questionId, questionAnswers, isRequired, createdAt, orderNumber, subjectId, organizationId, SK, PK, type) VALUES ('What is microphone', '47bfae54-154d-4979-8ae9-1bfce818181f', [object Object], true, '2024-01-15T04:09:02.053Z', 0, '45f90985-c6c0-4d03-93e7-a21b62297592', 'b740450d-a05d-4e1d-a235-1d507702f30d', 'SUBJECT#45f90985-c6c0-4d03-93e7-a21b62297592#QUESTION#47bfae54-154d-4979-8ae9-1bfce818181f', 'ORG#b740450d-a05d-4e1d-a235-1d507702f30d', 'radio');
INSERT INTO question (content, orderNumber, questionId, subjectId, organizationId, isRequired, createdAt, SK, PK, type) VALUES ('What is your hobby?', 0, '4ea0219c-4536-44bd-a1a3-e5f1b7efae44', '45f90985-c6c0-4d03-93e7-a21b62297592', 'b740450d-a05d-4e1d-a235-1d507702f30d', false, '2024-01-15T04:09:33.535Z', 'SUBJECT#45f90985-c6c0-4d03-93e7-a21b62297592#QUESTION#4ea0219c-4536-44bd-a1a3-e5f1b7efae44', 'ORG#b740450d-a05d-4e1d-a235-1d507702f30d', 'paragraph');
INSERT INTO subject (finalThank, visibility, createdAt, name, descriptionNative, code, subjectId, organizationId, categoryId, SK, sort, end, description, PK, id, introduction, nameNative, start) VALUES ('', '', '2022-09-13T04:28:48.525Z', 'test survey', , 'test survey', '49ea0ade-1c95-450a-83f1-6e72194d1048', 'b740450d-a05d-4e1d-a235-1d507702f30d', 'c821175f-e879-4cf4-96bd-ecdf970474f6', 'SUBJECT#49ea0ade-1c95-450a-83f1-6e72194d1048', 0, '2022-07-09', 'test survey', 'ORG#b740450d-a05d-4e1d-a235-1d507702f30d', '49ea0ade-1c95-450a-83f1-6e72194d1048', '', , '2022-07-09');
INSERT INTO subject (finalThank, visibility, createdAt, name, descriptionNative, code, subjectId, organizationId, categoryId, SK, sort, end, description, PK, id, introduction, nameNative, start) VALUES ('', '', '2022-09-13T04:31:09.845Z', 'test survey', , 'test survey', '4b9621e1-8185-46fe-9024-a03ef025ab56', 'b740450d-a05d-4e1d-a235-1d507702f30d', 'c821175f-e879-4cf4-96bd-ecdf970474f6', 'SUBJECT#4b9621e1-8185-46fe-9024-a03ef025ab56', 0, '2022-07-09', 'test survey', 'ORG#b740450d-a05d-4e1d-a235-1d507702f30d', '4b9621e1-8185-46fe-9024-a03ef025ab56', '', , '2022-07-09');
INSERT INTO subject (finalThank, visibility, createdAt, name, descriptionNative, code, subjectId, organizationId, categoryId, SK, sort, end, description, PK, id, introduction, nameNative, start) VALUES ('', '', '2022-10-14T02:27:58.594Z', 'ok', , 'ok', '54cbfa14-c4d1-4ee7-90aa-4e0f68e2734a', 'b740450d-a05d-4e1d-a235-1d507702f30d', '042db908-0254-4d8e-ac61-f655c46cf7cb', 'SUBJECT#54cbfa14-c4d1-4ee7-90aa-4e0f68e2734a', 0, '2022-10-14', 'ok', 'ORG#b740450d-a05d-4e1d-a235-1d507702f30d', '54cbfa14-c4d1-4ee7-90aa-4e0f68e2734a', '', , '2022-10-14');
INSERT INTO question (content, questionId, isRequired, status, createdAt, orderNumber, subjectId, organizationId, updatedAt, SK, PK, title, type) VALUES ('', '4e1349ee-3197-44b0-84e8-9457ff4ea9e6', false, 'publish', '2022-10-14T02:28:35.139Z', 2, '54cbfa14-c4d1-4ee7-90aa-4e0f68e2734a', 'b740450d-a05d-4e1d-a235-1d507702f30d', '2022-10-14T04:55:09.113Z', 'SUBJECT#54cbfa14-c4d1-4ee7-90aa-4e0f68e2734a#QUESTION#4e1349ee-3197-44b0-84e8-9457ff4ea9e6', 'ORG#b740450d-a05d-4e1d-a235-1d507702f30d', 'k2', 'paragraph');
INSERT INTO question (content, questionId, isRequired, status, createdAt, orderNumber, subjectId, organizationId, updatedAt, SK, PK, title, type) VALUES ('', '4f3158fe-1e6a-4413-89f6-0224fc3dc944', false, 'publish', '2022-10-14T02:28:34.377Z', 1, '54cbfa14-c4d1-4ee7-90aa-4e0f68e2734a', 'b740450d-a05d-4e1d-a235-1d507702f30d', '2022-10-14T04:55:08.811Z', 'SUBJECT#54cbfa14-c4d1-4ee7-90aa-4e0f68e2734a#QUESTION#4f3158fe-1e6a-4413-89f6-0224fc3dc944', 'ORG#b740450d-a05d-4e1d-a235-1d507702f30d', 'k1', 'paragraph');
INSERT INTO question (content, questionId, isRequired, status, createdAt, orderNumber, subjectId, organizationId, SK, PK, title, type) VALUES ('', 'bb37d573-d049-4878-b4ff-ef2fe143ce47', false, 'publish', '2022-10-14T04:55:10.329Z', 3, '54cbfa14-c4d1-4ee7-90aa-4e0f68e2734a', 'b740450d-a05d-4e1d-a235-1d507702f30d', 'SUBJECT#54cbfa14-c4d1-4ee7-90aa-4e0f68e2734a#QUESTION#bb37d573-d049-4878-b4ff-ef2fe143ce47', 'ORG#b740450d-a05d-4e1d-a235-1d507702f30d', 'adfg', 'paragraph');
INSERT INTO undefined (finalThank, visibility, createdAt, name, descriptionNative, code, subjectId, organizationId, categoryId, SK, end, description, PK, introduction, nameNative, start) VALUES ('', '', '2022-03-10T12:33:01.413Z', 'test', , 'test', '589ac8e6-911b-442d-936d-5d6b7ec8d171', 'b740450d-a05d-4e1d-a235-1d507702f30d', '0f0fc0eb-8404-44c4-a319-d19dd3315886', 'SUBJECT#589ac8e6-911b-442d-936d-5d6b7ec8d171', '2022-03-10', 'test', 'ORG#b740450d-a05d-4e1d-a235-1d507702f30d', '', , '2022-03-10');
INSERT INTO undefined (content, questionId, isRequired, status, createdAt, competencyId, orderNumber, subjectId, organizationId, SK, PK, title, type) VALUES ('', '3c484029-11d7-4ac7-80fb-09f7ed5687cc', true, 'publish', '2022-03-10T12:34:26.920Z', , 4, '589ac8e6-911b-442d-936d-5d6b7ec8d171', 'b740450d-a05d-4e1d-a235-1d507702f30d', 'SUBJECT#589ac8e6-911b-442d-936d-5d6b7ec8d171#QUESTION#3c484029-11d7-4ac7-80fb-09f7ed5687cc', 'ORG#b740450d-a05d-4e1d-a235-1d507702f30d', 'q4', 'paragraph');
INSERT INTO undefined (content, questionId, questionAnswers, isRequired, status, createdAt, competencyId, orderNumber, subjectId, organizationId, SK, PK, title, type) VALUES ('', '6abcae45-06ee-4f5e-b83a-4b8303f88f0f', [object Object],[object Object], true, 'publish', '2022-03-10T12:34:26.410Z', , 2, '589ac8e6-911b-442d-936d-5d6b7ec8d171', 'b740450d-a05d-4e1d-a235-1d507702f30d', 'SUBJECT#589ac8e6-911b-442d-936d-5d6b7ec8d171#QUESTION#6abcae45-06ee-4f5e-b83a-4b8303f88f0f', 'ORG#b740450d-a05d-4e1d-a235-1d507702f30d', 'q2', 'radio');
INSERT INTO undefined (content, questionId, isRequired, status, createdAt, competencyId, orderNumber, subjectId, organizationId, SK, PK, title, type) VALUES ('', '78f7d15b-99b7-4bca-8a7d-c26f12853fc0', true, 'publish', '2022-03-10T12:34:26.657Z', , 3, '589ac8e6-911b-442d-936d-5d6b7ec8d171', 'b740450d-a05d-4e1d-a235-1d507702f30d', 'SUBJECT#589ac8e6-911b-442d-936d-5d6b7ec8d171#QUESTION#78f7d15b-99b7-4bca-8a7d-c26f12853fc0', 'ORG#b740450d-a05d-4e1d-a235-1d507702f30d', 'q3', 'paragraph');
INSERT INTO undefined (content, questionId, questionAnswers, isRequired, status, createdAt, competencyId, orderNumber, subjectId, organizationId, SK, PK, title, type) VALUES ('', 'e4b3d480-d5f1-49b4-b4da-ded27cde1c5a', [object Object],[object Object],[object Object], true, 'publish', '2022-03-10T12:34:25.923Z', , 1, '589ac8e6-911b-442d-936d-5d6b7ec8d171', 'b740450d-a05d-4e1d-a235-1d507702f30d', 'SUBJECT#589ac8e6-911b-442d-936d-5d6b7ec8d171#QUESTION#e4b3d480-d5f1-49b4-b4da-ded27cde1c5a', 'ORG#b740450d-a05d-4e1d-a235-1d507702f30d', 'q1', 'checkbox');
INSERT INTO undefined (finalThank, visibility, createdAt, name, descriptionNative, code, subjectId, organizationId, categoryId, SK, end, description, PK, introduction, nameNative, start) VALUES ('', '', '2022-04-12T03:23:33.884Z', 'test1', , 'test1', '5a12df62-5d6a-4ca8-9c57-2ea1e5a689be', 'b740450d-a05d-4e1d-a235-1d507702f30d', '0f0fc0eb-8404-44c4-a319-d19dd3315886', 'SUBJECT#5a12df62-5d6a-4ca8-9c57-2ea1e5a689be', '2022-04-12', 'test1', 'ORG#b740450d-a05d-4e1d-a235-1d507702f30d', '', , '2022-04-12');
INSERT INTO undefined (content, questionId, isRequired, status, createdAt, competencyId, orderNumber, subjectId, organizationId, SK, PK, title, type) VALUES ('', '1d69b6eb-2202-4b97-9d02-57d11a5394ab', true, 'publish', '2022-04-12T03:25:02.531Z', , 1, '5a12df62-5d6a-4ca8-9c57-2ea1e5a689be', 'b740450d-a05d-4e1d-a235-1d507702f30d', 'SUBJECT#5a12df62-5d6a-4ca8-9c57-2ea1e5a689be#QUESTION#1d69b6eb-2202-4b97-9d02-57d11a5394ab', 'ORG#b740450d-a05d-4e1d-a235-1d507702f30d', 'q1', 'paragraph');
INSERT INTO undefined (content, questionId, questionAnswers, isRequired, status, createdAt, competencyId, orderNumber, subjectId, organizationId, SK, PK, title, type) VALUES ('', '71250e4d-f17b-4eb9-9a45-584ace0f00d7', [object Object],[object Object],[object Object], true, 'publish', '2022-04-12T03:25:03.257Z', , 2, '5a12df62-5d6a-4ca8-9c57-2ea1e5a689be', 'b740450d-a05d-4e1d-a235-1d507702f30d', 'SUBJECT#5a12df62-5d6a-4ca8-9c57-2ea1e5a689be#QUESTION#71250e4d-f17b-4eb9-9a45-584ace0f00d7', 'ORG#b740450d-a05d-4e1d-a235-1d507702f30d', 'q2', 'checkbox');
INSERT INTO undefined (content, questionId, questionAnswers, isRequired, status, createdAt, competencyId, orderNumber, subjectId, organizationId, SK, PK, title, type) VALUES ('', 'd20db476-2e92-45b9-ae68-455fd3ba554e', [object Object],[object Object], true, 'publish', '2022-04-12T03:25:03.809Z', , 4, '5a12df62-5d6a-4ca8-9c57-2ea1e5a689be', 'b740450d-a05d-4e1d-a235-1d507702f30d', 'SUBJECT#5a12df62-5d6a-4ca8-9c57-2ea1e5a689be#QUESTION#d20db476-2e92-45b9-ae68-455fd3ba554e', 'ORG#b740450d-a05d-4e1d-a235-1d507702f30d', 'q4', 'checkbox');
INSERT INTO undefined (content, questionId, questionAnswers, isRequired, status, createdAt, competencyId, orderNumber, subjectId, organizationId, SK, PK, title, type) VALUES ('', 'df536920-2abc-4ef8-aae7-02ee1302d3f8', [object Object],[object Object],[object Object], true, 'publish', '2022-04-12T03:25:03.536Z', , 3, '5a12df62-5d6a-4ca8-9c57-2ea1e5a689be', 'b740450d-a05d-4e1d-a235-1d507702f30d', 'SUBJECT#5a12df62-5d6a-4ca8-9c57-2ea1e5a689be#QUESTION#df536920-2abc-4ef8-aae7-02ee1302d3f8', 'ORG#b740450d-a05d-4e1d-a235-1d507702f30d', 'q3', 'radio');
INSERT INTO undefined (finalThank, visibility, createdAt, name, descriptionNative, code, subjectId, categoryId, organizationId, updatedAt, SK, end, sort, PK, description, id, introduction, nameNative, start) VALUES ('<p>Thanks!</p>', '', '2022-06-29T08:20:00.202Z', 'Test Survey', , 'test-survey', '5b0d8000-5355-44eb-8d5a-7572601e43d2', '042db908-0254-4d8e-ac61-f655c46cf7cb', 'b740450d-a05d-4e1d-a235-1d507702f30d', '2023-06-19T08:48:01.994Z', 'SUBJECT#5b0d8000-5355-44eb-8d5a-7572601e43d2', '2022-07-31', 0, 'ORG#b740450d-a05d-4e1d-a235-1d507702f30d', 'Test Survey', '5b0d8000-5355-44eb-8d5a-7572601e43d2', '<p>This is a Test Survey!</p>', , '2022-07-01');
INSERT INTO question (content, questionId, isRequired, status, createdAt, orderNumber, subjectId, organizationId, SK, PK, title, type) VALUES ('<p>This is a Open Question.</p>', '03274b3e-5741-441f-8bc4-77aea339ff1b', false, 'publish', '2023-06-19T08:51:19.599Z', 3, '5b0d8000-5355-44eb-8d5a-7572601e43d2', 'b740450d-a05d-4e1d-a235-1d507702f30d', 'SUBJECT#5b0d8000-5355-44eb-8d5a-7572601e43d2#QUESTION#03274b3e-5741-441f-8bc4-77aea339ff1b', 'ORG#b740450d-a05d-4e1d-a235-1d507702f30d', 'Open Question', 'paragraph');
INSERT INTO question (content, questionId, questionAnswers, isRequired, status, createdAt, orderNumber, subjectId, organizationId, SK, PK, title, type) VALUES ('<p>This is a Single Choice Question.</p>', '70e28e36-b79d-4be5-8382-52a1834f176f', [object Object],[object Object],[object Object], true, 'publish', '2023-06-19T08:51:19.220Z', 1, '5b0d8000-5355-44eb-8d5a-7572601e43d2', 'b740450d-a05d-4e1d-a235-1d507702f30d', 'SUBJECT#5b0d8000-5355-44eb-8d5a-7572601e43d2#QUESTION#70e28e36-b79d-4be5-8382-52a1834f176f', 'ORG#b740450d-a05d-4e1d-a235-1d507702f30d', 'Single Choice Question', 'radio');
INSERT INTO question (content, questionId, questionAnswers, isRequired, status, createdAt, orderNumber, subjectId, organizationId, SK, PK, title, type) VALUES ('<p>This is a Multiple Choice Question.</p>', 'd8a30b56-0025-49d4-a874-4be9b4d6b7ca', [object Object],[object Object],[object Object],[object Object], false, 'publish', '2023-06-19T08:51:19.456Z', 2, '5b0d8000-5355-44eb-8d5a-7572601e43d2', 'b740450d-a05d-4e1d-a235-1d507702f30d', 'SUBJECT#5b0d8000-5355-44eb-8d5a-7572601e43d2#QUESTION#d8a30b56-0025-49d4-a874-4be9b4d6b7ca', 'ORG#b740450d-a05d-4e1d-a235-1d507702f30d', 'Multiple Choice Question', 'checkbox');
INSERT INTO subject (finalThank, visibility, createdAt, name, descriptionNative, code, subjectId, organizationId, categoryId, SK, sort, end, description, PK, id, introduction, nameNative, start) VALUES ('', '', '2022-10-13T10:26:18.733Z', 'test2', , 'test2', '5eff01ac-ec7c-4393-8433-aa15a41a397b', 'b740450d-a05d-4e1d-a235-1d507702f30d', '5e67a3b0-b0be-4705-8cf4-ec04309b6258', 'SUBJECT#5eff01ac-ec7c-4393-8433-aa15a41a397b', 0, '2022-10-13', 'test2', 'ORG#b740450d-a05d-4e1d-a235-1d507702f30d', '5eff01ac-ec7c-4393-8433-aa15a41a397b', '', , '2022-10-13');
INSERT INTO subject (finalThank, visibility, createdAt, name, descriptionNative, code, subjectId, organizationId, categoryId, SK, sort, end, description, PK, id, introduction, nameNative, start) VALUES ('', '', '2023-05-29T09:57:49.235Z', 'test', , 'test', '66fd8bc9-b960-474a-8961-678092581711', 'b740450d-a05d-4e1d-a235-1d507702f30d', '761ed82b-b203-49d3-a91c-91ebc635ba0d', 'SUBJECT#66fd8bc9-b960-474a-8961-678092581711', 0, '2023-05-29', 'test', 'ORG#b740450d-a05d-4e1d-a235-1d507702f30d', '66fd8bc9-b960-474a-8961-678092581711', '', , '2023-05-29');
INSERT INTO question (content, questionId, isRequired, status, createdAt, orderNumber, subjectId, organizationId, SK, PK, title, type) VALUES ('', '2c45a89c-8cd8-4ec1-84fa-e9c0ba91b669', false, 'publish', '2023-05-29T09:58:03.986Z', 1, '66fd8bc9-b960-474a-8961-678092581711', 'b740450d-a05d-4e1d-a235-1d507702f30d', 'SUBJECT#66fd8bc9-b960-474a-8961-678092581711#QUESTION#2c45a89c-8cd8-4ec1-84fa-e9c0ba91b669', 'ORG#b740450d-a05d-4e1d-a235-1d507702f30d', 'test', 'paragraph');
INSERT INTO undefined (content, questionId, subjectId, organizationId, isRequired, status, createdAt, SK, sort, PK, type) VALUES ('', '0c177687-44f4-413b-8c1f-e6e667b78bdc', '6b9999f5-12df-48d8-9864-56aaca46cd7c', 'b740450d-a05d-4e1d-a235-1d507702f30d', true, 'publish', '2022-06-23T08:25:29.715Z', 'SUBJECT#6b9999f5-12df-48d8-9864-56aaca46cd7c#QUESTION#0c177687-44f4-413b-8c1f-e6e667b78bdc', 0, 'ORG#b740450d-a05d-4e1d-a235-1d507702f30d', 'paragraph');
INSERT INTO undefined (content, questionId, subjectId, organizationId, isRequired, status, createdAt, SK, sort, PK, type) VALUES ('', '6d6fe0a9-eb15-43e1-8622-2083f426eccc', '6b9999f5-12df-48d8-9864-56aaca46cd7c', 'b740450d-a05d-4e1d-a235-1d507702f30d', true, 'publish', '2022-06-23T08:25:29.380Z', 'SUBJECT#6b9999f5-12df-48d8-9864-56aaca46cd7c#QUESTION#6d6fe0a9-eb15-43e1-8622-2083f426eccc', 0, 'ORG#b740450d-a05d-4e1d-a235-1d507702f30d', 'paragraph');
INSERT INTO undefined (content, questionId, questionAnswers, isRequired, status, createdAt, subjectId, organizationId, SK, sort, PK, type) VALUES ('', 'ea974326-700e-4150-ab05-0d5593364bd3', [object Object],[object Object],[object Object], true, 'publish', '2022-06-23T08:25:29.062Z', '6b9999f5-12df-48d8-9864-56aaca46cd7c', 'b740450d-a05d-4e1d-a235-1d507702f30d', 'SUBJECT#6b9999f5-12df-48d8-9864-56aaca46cd7c#QUESTION#ea974326-700e-4150-ab05-0d5593364bd3', 0, 'ORG#b740450d-a05d-4e1d-a235-1d507702f30d', 'checkbox');
INSERT INTO undefined (content, questionId, questionAnswers, isRequired, status, createdAt, subjectId, organizationId, SK, sort, PK, type) VALUES ('', 'ebc07f05-627b-4cf5-9cd2-dc1b352b6200', [object Object],[object Object], true, 'publish', '2022-06-23T08:25:28.637Z', '6b9999f5-12df-48d8-9864-56aaca46cd7c', 'b740450d-a05d-4e1d-a235-1d507702f30d', 'SUBJECT#6b9999f5-12df-48d8-9864-56aaca46cd7c#QUESTION#ebc07f05-627b-4cf5-9cd2-dc1b352b6200', 0, 'ORG#b740450d-a05d-4e1d-a235-1d507702f30d', 'radio');
INSERT INTO subject (finalThank, visibility, createdAt, name, descriptionNative, code, subjectId, organizationId, categoryId, SK, sort, end, description, PK, id, introduction, nameNative, start) VALUES ('', '', '2022-09-13T04:28:48.547Z', 'test survey', , 'test survey', '74f71127-1650-4a1e-a730-9f1635c2c28a', 'b740450d-a05d-4e1d-a235-1d507702f30d', 'c821175f-e879-4cf4-96bd-ecdf970474f6', 'SUBJECT#74f71127-1650-4a1e-a730-9f1635c2c28a', 0, '2022-07-09', 'test survey', 'ORG#b740450d-a05d-4e1d-a235-1d507702f30d', '74f71127-1650-4a1e-a730-9f1635c2c28a', '', , '2022-07-09');
INSERT INTO question (content, questionId, isRequired, status, createdAt, orderNumber, subjectId, organizationId, SK, PK, title, type) VALUES ('', '0973cc5b-9083-433a-9b06-0f2d03998976', false, 'publish', '2022-10-07T03:29:26.485Z', 2, '74f71127-1650-4a1e-a730-9f1635c2c28a', 'b740450d-a05d-4e1d-a235-1d507702f30d', 'SUBJECT#74f71127-1650-4a1e-a730-9f1635c2c28a#QUESTION#0973cc5b-9083-433a-9b06-0f2d03998976', 'ORG#b740450d-a05d-4e1d-a235-1d507702f30d', 'label 2', 'paragraph');
INSERT INTO question (content, questionId, isRequired, status, createdAt, orderNumber, subjectId, organizationId, SK, PK, title, type) VALUES ('', '575d2297-ad3b-4d8d-959f-4aa695c44bd4', false, 'publish', '2022-10-07T03:29:26.015Z', 1, '74f71127-1650-4a1e-a730-9f1635c2c28a', 'b740450d-a05d-4e1d-a235-1d507702f30d', 'SUBJECT#74f71127-1650-4a1e-a730-9f1635c2c28a#QUESTION#575d2297-ad3b-4d8d-959f-4aa695c44bd4', 'ORG#b740450d-a05d-4e1d-a235-1d507702f30d', 'question 1', 'paragraph');
INSERT INTO question (content, questionId, isRequired, status, createdAt, orderNumber, subjectId, organizationId, SK, PK, title, type) VALUES ('', '9cb97fcd-a242-49c9-9a1e-0737e6d8d92e', false, 'publish', '2022-10-07T03:29:26.796Z', 3, '74f71127-1650-4a1e-a730-9f1635c2c28a', 'b740450d-a05d-4e1d-a235-1d507702f30d', 'SUBJECT#74f71127-1650-4a1e-a730-9f1635c2c28a#QUESTION#9cb97fcd-a242-49c9-9a1e-0737e6d8d92e', 'ORG#b740450d-a05d-4e1d-a235-1d507702f30d', 'label 3', 'paragraph');
INSERT INTO subject (finalThank, visibility, createdAt, name, descriptionNative, code, subjectId, categoryId, organizationId, updatedAt, SK, end, sort, PK, description, id, introduction, nameNative, start) VALUES ('<p>Bye from Selasak</p>', 'This is first option', '2022-10-14T08:08:04.610Z', 'Hello Survey', , 'SAK', '7c75b022-28e3-4555-be70-124ec516e508', 'aeebce7f-470c-44c8-9500-cf9c4d6152c6', 'b740450d-a05d-4e1d-a235-1d507702f30d', '2022-10-14T08:08:15.518Z', 'SUBJECT#7c75b022-28e3-4555-be70-124ec516e508', '2022-10-14', 0, 'ORG#b740450d-a05d-4e1d-a235-1d507702f30d', 'Hi Survey', '7c75b022-28e3-4555-be70-124ec516e508', '<p>Hello from Selasak</p>', , '2022-10-14');
INSERT INTO question (content, questionId, questionAnswers, isRequired, status, createdAt, orderNumber, subjectId, organizationId, SK, PK, title, type) VALUES ('<p>3</p>', '50ea3362-bfbe-4c62-af0a-c2518e2e01ef', [object Object],[object Object], false, 'publish', '2022-10-14T08:33:08.663Z', 3, '7c75b022-28e3-4555-be70-124ec516e508', 'b740450d-a05d-4e1d-a235-1d507702f30d', 'SUBJECT#7c75b022-28e3-4555-be70-124ec516e508#QUESTION#50ea3362-bfbe-4c62-af0a-c2518e2e01ef', 'ORG#b740450d-a05d-4e1d-a235-1d507702f30d', 'Question 3', 'radio');
INSERT INTO question (content, questionAnswers, questionId, isRequired, status, createdAt, orderNumber, subjectId, organizationId, updatedAt, SK, PK, title, type) VALUES ('<p>This is question 1</p>', [object Object],[object Object],[object Object],[object Object], '5bb72032-f9a1-44d1-8fe8-4f20f32a3f08', true, 'publish', '2022-10-14T08:09:11.447Z', 1, '7c75b022-28e3-4555-be70-124ec516e508', 'b740450d-a05d-4e1d-a235-1d507702f30d', '2022-10-14T08:33:06.038Z', 'SUBJECT#7c75b022-28e3-4555-be70-124ec516e508#QUESTION#5bb72032-f9a1-44d1-8fe8-4f20f32a3f08', 'ORG#b740450d-a05d-4e1d-a235-1d507702f30d', 'Question 1', 'radio');
INSERT INTO question (content, questionId, isRequired, status, createdAt, orderNumber, subjectId, organizationId, SK, PK, title, type) VALUES ('<p>2</p>', 'd50ba901-123c-4f00-8087-92314905eef0', false, 'publish', '2022-10-14T08:33:07.979Z', 2, '7c75b022-28e3-4555-be70-124ec516e508', 'b740450d-a05d-4e1d-a235-1d507702f30d', 'SUBJECT#7c75b022-28e3-4555-be70-124ec516e508#QUESTION#d50ba901-123c-4f00-8087-92314905eef0', 'ORG#b740450d-a05d-4e1d-a235-1d507702f30d', 'Question 2', 'paragraph');
INSERT INTO subject (finalThank, visibility, createdAt, name, descriptionNative, code, subjectId, organizationId, categoryId, SK, sort, end, description, PK, id, introduction, nameNative, start) VALUES ('', '', '2022-09-15T02:46:04.082Z', 'survey', , 'survey', '7e35e297-482b-4521-9efe-83420e0d0471', 'b740450d-a05d-4e1d-a235-1d507702f30d', 'ddd0c350-e9b7-4f60-8407-0caf728b9344', 'SUBJECT#7e35e297-482b-4521-9efe-83420e0d0471', 0, '2022-09-15', 'survey', 'ORG#b740450d-a05d-4e1d-a235-1d507702f30d', '7e35e297-482b-4521-9efe-83420e0d0471', '', , '2022-09-15');
INSERT INTO question (content, questionId, isRequired, status, createdAt, orderNumber, subjectId, organizationId, SK, PK, title, type) VALUES ('', '10510629-77e1-44eb-9f6e-bf1e8fd9ed44', false, 'publish', '2022-09-15T02:48:29.141Z', 2, '7e35e297-482b-4521-9efe-83420e0d0471', 'b740450d-a05d-4e1d-a235-1d507702f30d', 'SUBJECT#7e35e297-482b-4521-9efe-83420e0d0471#QUESTION#10510629-77e1-44eb-9f6e-bf1e8fd9ed44', 'ORG#b740450d-a05d-4e1d-a235-1d507702f30d', 'test', 'paragraph');
INSERT INTO question (content, questionId, isRequired, status, createdAt, orderNumber, subjectId, organizationId, updatedAt, SK, PK, title, type) VALUES ('', '5eb7fcdc-af7b-454b-b609-d9de50f56c23', false, 'publish', '2022-09-15T02:46:04.980Z', 1, '7e35e297-482b-4521-9efe-83420e0d0471', 'b740450d-a05d-4e1d-a235-1d507702f30d', '2022-09-15T02:48:28.320Z', 'SUBJECT#7e35e297-482b-4521-9efe-83420e0d0471#QUESTION#5eb7fcdc-af7b-454b-b609-d9de50f56c23', 'ORG#b740450d-a05d-4e1d-a235-1d507702f30d', 'question1', 'paragraph');
INSERT INTO undefined (finalThank, visibility, createdAt, name, descriptionNative, code, subjectId, organizationId, categoryId, SK, sort, end, description, PK, id, introduction, nameNative, start) VALUES ('<p>Survey thanks</p>', 'This is first option', '2022-06-23T08:33:25.117Z', 'Survey', , 'SV', '81bcd33b-3bf5-4324-afed-d8245271c241', 'b740450d-a05d-4e1d-a235-1d507702f30d', 'c2de339c-d63c-42df-af57-c6b40419ac66', 'SUBJECT#81bcd33b-3bf5-4324-afed-d8245271c241', 0, '2022-06-23', 'Survey', 'ORG#b740450d-a05d-4e1d-a235-1d507702f30d', '81bcd33b-3bf5-4324-afed-d8245271c241', '<p>Survey introduction</p>', , '2022-06-23');
INSERT INTO undefined (content, questionId, questionAnswers, isRequired, status, createdAt, orderNumber, subjectId, organizationId, SK, PK, title, type) VALUES ('', '0989e085-0d0f-4a92-8c99-4c7e2735f1de', [object Object],[object Object], false, 'publish', '2022-06-27T08:02:22.705Z', 7, '81bcd33b-3bf5-4324-afed-d8245271c241', 'b740450d-a05d-4e1d-a235-1d507702f30d', 'SUBJECT#81bcd33b-3bf5-4324-afed-d8245271c241#QUESTION#0989e085-0d0f-4a92-8c99-4c7e2735f1de', 'ORG#b740450d-a05d-4e1d-a235-1d507702f30d', 'question 7', 'radio');
INSERT INTO undefined (content, questionAnswers, questionId, isRequired, status, createdAt, orderNumber, subjectId, organizationId, updatedAt, SK, sort, PK, title, type) VALUES ('', [object Object],[object Object], '459c7d9c-227a-45fa-8516-75a49c8b9100', true, 'publish', '2022-06-23T08:35:39.268Z', 1, '81bcd33b-3bf5-4324-afed-d8245271c241', 'b740450d-a05d-4e1d-a235-1d507702f30d', '2022-06-27T08:02:19.552Z', 'SUBJECT#81bcd33b-3bf5-4324-afed-d8245271c241#QUESTION#459c7d9c-227a-45fa-8516-75a49c8b9100', 0, 'ORG#b740450d-a05d-4e1d-a235-1d507702f30d', 'question 1', 'radio');
INSERT INTO undefined (content, questionId, isRequired, status, createdAt, orderNumber, subjectId, organizationId, SK, PK, title, type) VALUES ('', '4c603337-d10b-4b5c-bf30-0b9d79919c4b', true, 'publish', '2022-06-27T08:02:23.106Z', 8, '81bcd33b-3bf5-4324-afed-d8245271c241', 'b740450d-a05d-4e1d-a235-1d507702f30d', 'SUBJECT#81bcd33b-3bf5-4324-afed-d8245271c241#QUESTION#4c603337-d10b-4b5c-bf30-0b9d79919c4b', 'ORG#b740450d-a05d-4e1d-a235-1d507702f30d', 'question 8', 'paragraph');
INSERT INTO undefined (content, questionAnswers, questionId, isRequired, status, createdAt, orderNumber, subjectId, organizationId, updatedAt, SK, PK, title, type) VALUES ('', [object Object],[object Object],[object Object], '5afd3e42-a80a-4b5c-ab1f-eafdd7faf85f', true, 'publish', '2022-06-24T04:34:12.130Z', 6, '81bcd33b-3bf5-4324-afed-d8245271c241', 'b740450d-a05d-4e1d-a235-1d507702f30d', '2022-06-27T08:02:21.526Z', 'SUBJECT#81bcd33b-3bf5-4324-afed-d8245271c241#QUESTION#5afd3e42-a80a-4b5c-ab1f-eafdd7faf85f', 'ORG#b740450d-a05d-4e1d-a235-1d507702f30d', 'question 6', 'checkbox');
INSERT INTO undefined (content, questionAnswers, questionId, isRequired, status, createdAt, orderNumber, subjectId, organizationId, updatedAt, SK, sort, PK, title, type) VALUES ('<p>Description 5</p>', [object Object],[object Object], '89351b5b-2826-49f8-bde0-547df270a11f', true, 'publish', '2022-06-24T02:54:50.993Z', 2, '81bcd33b-3bf5-4324-afed-d8245271c241', 'b740450d-a05d-4e1d-a235-1d507702f30d', '2022-06-27T08:02:20.296Z', 'SUBJECT#81bcd33b-3bf5-4324-afed-d8245271c241#QUESTION#89351b5b-2826-49f8-bde0-547df270a11f', 0, 'ORG#b740450d-a05d-4e1d-a235-1d507702f30d', 'Question 5', 'radio');
INSERT INTO undefined (content, questionId, isRequired, status, createdAt, orderNumber, subjectId, organizationId, updatedAt, SK, sort, PK, title, type) VALUES ('', 'c2064ab8-3db8-4ce0-bcd1-21c2a03677a1', true, 'publish', '2022-06-23T08:35:40.021Z', 3, '81bcd33b-3bf5-4324-afed-d8245271c241', 'b740450d-a05d-4e1d-a235-1d507702f30d', '2022-06-27T08:02:20.612Z', 'SUBJECT#81bcd33b-3bf5-4324-afed-d8245271c241#QUESTION#c2064ab8-3db8-4ce0-bcd1-21c2a03677a1', 0, 'ORG#b740450d-a05d-4e1d-a235-1d507702f30d', 'question 4', 'paragraph');
INSERT INTO undefined (content, questionId, isRequired, status, createdAt, orderNumber, subjectId, organizationId, updatedAt, SK, sort, PK, title, type) VALUES ('', 'c9ee516a-3f54-498c-84ed-a42a1be4fd14', true, 'publish', '2022-06-23T09:50:03.119Z', 4, '81bcd33b-3bf5-4324-afed-d8245271c241', 'b740450d-a05d-4e1d-a235-1d507702f30d', '2022-06-27T08:02:20.921Z', 'SUBJECT#81bcd33b-3bf5-4324-afed-d8245271c241#QUESTION#c9ee516a-3f54-498c-84ed-a42a1be4fd14', 0, 'ORG#b740450d-a05d-4e1d-a235-1d507702f30d', 'question1', 'paragraph');
INSERT INTO undefined (content, questionAnswers, questionId, isRequired, status, createdAt, orderNumber, subjectId, organizationId, updatedAt, SK, sort, PK, title, type) VALUES ('', [object Object],[object Object],[object Object], 'e7fd42f0-3374-4c64-b6ee-bd3fae0ca2fc', true, 'publish', '2022-06-23T08:35:39.690Z', 5, '81bcd33b-3bf5-4324-afed-d8245271c241', 'b740450d-a05d-4e1d-a235-1d507702f30d', '2022-06-27T08:02:21.230Z', 'SUBJECT#81bcd33b-3bf5-4324-afed-d8245271c241#QUESTION#e7fd42f0-3374-4c64-b6ee-bd3fae0ca2fc', 0, 'ORG#b740450d-a05d-4e1d-a235-1d507702f30d', 'question 2', 'checkbox');
INSERT INTO subject (finalThank, visibility, createdAt, name, descriptionNative, code, subjectId, organizationId, categoryId, SK, sort, end, description, PK, id, introduction, nameNative, start) VALUES ('<p>Thanks you!!!!!!!</p>', '', '2023-09-07T07:44:53.250Z', 'Survey Title', , 'Survey-Code', '81caff2b-8300-426c-b17c-028ec61a3bb2', 'b740450d-a05d-4e1d-a235-1d507702f30d', '7ccb5765-cfb2-4cdb-9e27-52d4cf47111c', 'SUBJECT#81caff2b-8300-426c-b17c-028ec61a3bb2', 0, '2023-09-07', 'Hello there', 'ORG#b740450d-a05d-4e1d-a235-1d507702f30d', '81caff2b-8300-426c-b17c-028ec61a3bb2', '<p>Please answer this survwy</p>', , '2023-09-07');
INSERT INTO question (content, questionId, questionAnswers, isRequired, status, createdAt, orderNumber, subjectId, organizationId, SK, PK, title, type) VALUES ('<p>question description</p>', '3754d769-3033-46bf-b66d-430a05410077', [object Object],[object Object],[object Object], false, 'publish', '2023-09-07T09:08:45.023Z', 3, '81caff2b-8300-426c-b17c-028ec61a3bb2', 'b740450d-a05d-4e1d-a235-1d507702f30d', 'SUBJECT#81caff2b-8300-426c-b17c-028ec61a3bb2#QUESTION#3754d769-3033-46bf-b66d-430a05410077', 'ORG#b740450d-a05d-4e1d-a235-1d507702f30d', 'question1', 'radio');
INSERT INTO question (content, questionId, isRequired, status, createdAt, orderNumber, subjectId, organizationId, updatedAt, SK, PK, title, type) VALUES ('<p>What do you think a bout this course?</p>', '7417d9fe-8454-446d-b793-ebed4e945810', false, 'publish', '2023-09-07T07:47:08.871Z', 2, '81caff2b-8300-426c-b17c-028ec61a3bb2', 'b740450d-a05d-4e1d-a235-1d507702f30d', '2023-09-07T09:08:43.147Z', 'SUBJECT#81caff2b-8300-426c-b17c-028ec61a3bb2#QUESTION#7417d9fe-8454-446d-b793-ebed4e945810', 'ORG#b740450d-a05d-4e1d-a235-1d507702f30d', 'Question 2', 'paragraph');
INSERT INTO question (content, questionAnswers, questionId, isRequired, status, createdAt, orderNumber, subjectId, organizationId, updatedAt, SK, PK, title, type) VALUES ('<p>Do you like this course?</p>', [object Object],[object Object], '815d200b-768b-4581-bac9-6eb364c7a7ea', true, 'publish', '2023-09-07T07:47:08.214Z', 1, '81caff2b-8300-426c-b17c-028ec61a3bb2', 'b740450d-a05d-4e1d-a235-1d507702f30d', '2023-09-07T09:08:42.083Z', 'SUBJECT#81caff2b-8300-426c-b17c-028ec61a3bb2#QUESTION#815d200b-768b-4581-bac9-6eb364c7a7ea', 'ORG#b740450d-a05d-4e1d-a235-1d507702f30d', 'Question 1', 'radio');
INSERT INTO undefined (finalThank, visibility, createdAt, name, descriptionNative, code, subjectId, organizationId, categoryId, SK, end, description, PK, introduction, nameNative, start) VALUES ('', '', '2022-03-29T03:08:45.455Z', 'test', , 'Test', '822dd78b-77e4-4793-ac1c-0abe85b094bd', 'b740450d-a05d-4e1d-a235-1d507702f30d', '7f3c7747-a7d1-4591-ad84-ada70cd2da20', 'SUBJECT#822dd78b-77e4-4793-ac1c-0abe85b094bd', '2022-03-29', 'test', 'ORG#b740450d-a05d-4e1d-a235-1d507702f30d', '', , '2022-03-29');
INSERT INTO undefined (content, questionId, questionAnswers, isRequired, status, createdAt, competencyId, orderNumber, subjectId, organizationId, SK, PK, title, type) VALUES ('', '0c5f53a4-5f90-42c5-82d3-e750a62b86a6', [object Object],[object Object],[object Object],[object Object], true, 'publish', '2022-03-29T03:10:48.126Z', , 2, '822dd78b-77e4-4793-ac1c-0abe85b094bd', 'b740450d-a05d-4e1d-a235-1d507702f30d', 'SUBJECT#822dd78b-77e4-4793-ac1c-0abe85b094bd#QUESTION#0c5f53a4-5f90-42c5-82d3-e750a62b86a6', 'ORG#b740450d-a05d-4e1d-a235-1d507702f30d', 'test1', 'checkbox');
INSERT INTO undefined (content, questionId, questionAnswers, isRequired, status, createdAt, competencyId, orderNumber, subjectId, organizationId, SK, PK, title, type) VALUES ('', '2ab97f73-a641-4b0c-a0ed-688f18e1990c', [object Object],[object Object], true, 'publish', '2022-03-29T03:10:48.457Z', , 3, '822dd78b-77e4-4793-ac1c-0abe85b094bd', 'b740450d-a05d-4e1d-a235-1d507702f30d', 'SUBJECT#822dd78b-77e4-4793-ac1c-0abe85b094bd#QUESTION#2ab97f73-a641-4b0c-a0ed-688f18e1990c', 'ORG#b740450d-a05d-4e1d-a235-1d507702f30d', 'test2', 'radio');
INSERT INTO undefined (content, questionId, isRequired, status, createdAt, competencyId, orderNumber, subjectId, organizationId, SK, PK, title, type) VALUES ('', '9613197c-4825-4045-9abe-eb1e94d29775', true, 'publish', '2022-03-29T03:10:47.575Z', , 1, '822dd78b-77e4-4793-ac1c-0abe85b094bd', 'b740450d-a05d-4e1d-a235-1d507702f30d', 'SUBJECT#822dd78b-77e4-4793-ac1c-0abe85b094bd#QUESTION#9613197c-4825-4045-9abe-eb1e94d29775', 'ORG#b740450d-a05d-4e1d-a235-1d507702f30d', 'test', 'paragraph');
INSERT INTO subject (finalThank, visibility, createdAt, name, descriptionNative, code, subjectId, organizationId, categoryId, SK, sort, end, description, PK, id, introduction, nameNative, start) VALUES ('<p>1</p>', '', '2023-08-16T07:11:30.467Z', '1', , '1', '87f6c63d-c198-42e7-9269-65f36593bd38', 'b740450d-a05d-4e1d-a235-1d507702f30d', '6adc7c23-a7f0-448d-a508-0475b310d636', 'SUBJECT#87f6c63d-c198-42e7-9269-65f36593bd38', 0, '2023-08-16', '1', 'ORG#b740450d-a05d-4e1d-a235-1d507702f30d', '87f6c63d-c198-42e7-9269-65f36593bd38', '<p>1</p>', , '2023-08-16');
INSERT INTO question (content, questionId, questionAnswers, isRequired, status, createdAt, orderNumber, subjectId, organizationId, SK, PK, title, type) VALUES ('<p>3</p>', 'a20928ad-fa69-42be-b17a-ea79cf51f149', [object Object],[object Object], true, 'publish', '2023-08-16T07:12:21.905Z', 1, '87f6c63d-c198-42e7-9269-65f36593bd38', 'b740450d-a05d-4e1d-a235-1d507702f30d', 'SUBJECT#87f6c63d-c198-42e7-9269-65f36593bd38#QUESTION#a20928ad-fa69-42be-b17a-ea79cf51f149', 'ORG#b740450d-a05d-4e1d-a235-1d507702f30d', '2', 'checkbox');
INSERT INTO question (content, questionId, isRequired, status, createdAt, orderNumber, subjectId, organizationId, SK, PK, title, type) VALUES ('<p>5</p>', 'ab0be922-ad87-4472-9747-c744db98cddb', false, 'publish', '2023-08-16T07:12:22.130Z', 2, '87f6c63d-c198-42e7-9269-65f36593bd38', 'b740450d-a05d-4e1d-a235-1d507702f30d', 'SUBJECT#87f6c63d-c198-42e7-9269-65f36593bd38#QUESTION#ab0be922-ad87-4472-9747-c744db98cddb', 'ORG#b740450d-a05d-4e1d-a235-1d507702f30d', '3', 'paragraph');
INSERT INTO subject (finalThank, visibility, createdAt, name, descriptionNative, code, subjectId, organizationId, categoryId, SK, sort, end, description, PK, id, introduction, nameNative, start) VALUES ('', '', '2022-10-13T10:27:38.075Z', 'test3', , 'test3', '8a15f6bd-9dc3-4897-90c3-a1ad67024a81', 'b740450d-a05d-4e1d-a235-1d507702f30d', '5e67a3b0-b0be-4705-8cf4-ec04309b6258', 'SUBJECT#8a15f6bd-9dc3-4897-90c3-a1ad67024a81', 0, '2022-10-13', 'test3', 'ORG#b740450d-a05d-4e1d-a235-1d507702f30d', '8a15f6bd-9dc3-4897-90c3-a1ad67024a81', '', , '2022-10-13');
INSERT INTO question (content, questionId, isRequired, status, createdAt, orderNumber, subjectId, organizationId, SK, PK, title, type) VALUES ('', 'c3c35600-5bcb-459e-8f0b-a9ed535a1712', false, 'publish', '2022-10-13T10:28:07.165Z', 1, '8a15f6bd-9dc3-4897-90c3-a1ad67024a81', 'b740450d-a05d-4e1d-a235-1d507702f30d', 'SUBJECT#8a15f6bd-9dc3-4897-90c3-a1ad67024a81#QUESTION#c3c35600-5bcb-459e-8f0b-a9ed535a1712', 'ORG#b740450d-a05d-4e1d-a235-1d507702f30d', 'question2', 'paragraph');
INSERT INTO subject (finalThank, visibility, createdAt, name, descriptionNative, code, subjectId, organizationId, categoryId, SK, sort, end, description, PK, id, introduction, nameNative, start) VALUES ('finalThank', 'visibility', '2023-12-22T02:55:27.004Z', 'name1', 'descriptionNative', 'code', '903f6001-1e31-4209-a535-0e3523fbdb25', 'b740450d-a05d-4e1d-a235-1d507702f30d', 'b740450d-a05d-4e1d-a235-1d507702f301', 'SUBJECT#903f6001-1e31-4209-a535-0e3523fbdb25', 0, '02/02/2022', 'description', 'ORG#b740450d-a05d-4e1d-a235-1d507702f30d', '903f6001-1e31-4209-a535-0e3523fbdb25', 'introduction', 'nameNative', '01/01/2022');
INSERT INTO question (content, questionId, isRequired, status, createdAt, orderNumber, subjectId, organizationId, SK, PK, type) VALUES ('What is your name?', '74e2735d-1d2c-4d3a-b4e0-ac76d6dcf127', true, 'publish', '2023-12-22T02:56:01.872Z', 0, '903f6001-1e31-4209-a535-0e3523fbdb25', 'b740450d-a05d-4e1d-a235-1d507702f30d', 'SUBJECT#903f6001-1e31-4209-a535-0e3523fbdb25#QUESTION#74e2735d-1d2c-4d3a-b4e0-ac76d6dcf127', 'ORG#b740450d-a05d-4e1d-a235-1d507702f30d', 'paragraph');
INSERT INTO subject (finalThank, visibility, createdAt, name, descriptionNative, code, subjectId, organizationId, categoryId, SK, sort, end, description, PK, id, introduction, nameNative, start) VALUES ('<p>Thanks</p>', '', '2023-07-26T06:25:19.597Z', 'Code', , 'Code', '9b4908c5-33c6-4ba8-ae76-d644f939c5d2', 'b740450d-a05d-4e1d-a235-1d507702f30d', 'c61f065f-8e12-4952-8798-040da072f41c', 'SUBJECT#9b4908c5-33c6-4ba8-ae76-d644f939c5d2', 0, '2023-07-26', 'Code', 'ORG#b740450d-a05d-4e1d-a235-1d507702f30d', '9b4908c5-33c6-4ba8-ae76-d644f939c5d2', '<p>HEllo</p>', , '2023-07-26');
INSERT INTO question (content, questionId, questionAnswers, isRequired, status, createdAt, orderNumber, subjectId, organizationId, SK, PK, title, type) VALUES ('<p>des1</p>', '89ee2975-f045-4049-a7e1-1442917b97ea', [object Object],[object Object], true, 'publish', '2023-07-26T06:26:15.169Z', 1, '9b4908c5-33c6-4ba8-ae76-d644f939c5d2', 'b740450d-a05d-4e1d-a235-1d507702f30d', 'SUBJECT#9b4908c5-33c6-4ba8-ae76-d644f939c5d2#QUESTION#89ee2975-f045-4049-a7e1-1442917b97ea', 'ORG#b740450d-a05d-4e1d-a235-1d507702f30d', 'q1', 'radio');
INSERT INTO subject (finalThank, visibility, createdAt, name, descriptionNative, code, subjectId, organizationId, categoryId, SK, sort, end, description, PK, id, introduction, nameNative, start) VALUES ('', '', '2022-09-13T04:20:56.864Z', 'test survey', , 'test survey', '9bfa7c7f-e214-467a-9bc8-f53267c70398', 'b740450d-a05d-4e1d-a235-1d507702f30d', 'c821175f-e879-4cf4-96bd-ecdf970474f6', 'SUBJECT#9bfa7c7f-e214-467a-9bc8-f53267c70398', 0, '2022-07-09', 'test survey', 'ORG#b740450d-a05d-4e1d-a235-1d507702f30d', '9bfa7c7f-e214-467a-9bc8-f53267c70398', '', , '2022-07-09');
INSERT INTO subject (finalThank, visibility, createdAt, name, descriptionNative, code, subjectId, organizationId, categoryId, SK, sort, end, description, PK, id, introduction, nameNative, start) VALUES ('<p>Goodbye</p>', '', '2022-11-11T08:25:25.560Z', 'Survey', , 'ABC', 'a10149e9-ffd8-4fb3-8e1e-553d85a7a79a', 'b740450d-a05d-4e1d-a235-1d507702f30d', '68ec1d4f-54a1-4543-a969-e1e87615e2d5', 'SUBJECT#a10149e9-ffd8-4fb3-8e1e-553d85a7a79a', 0, '2022-11-11', 'Welcome to this survey.', 'ORG#b740450d-a05d-4e1d-a235-1d507702f30d', 'a10149e9-ffd8-4fb3-8e1e-553d85a7a79a', '<p>Hello</p>', , '2022-11-11');
INSERT INTO question (content, questionId, questionAnswers, isRequired, status, createdAt, orderNumber, subjectId, organizationId, SK, PK, title, type) VALUES ('<p>world</p>', '639e30ce-764a-4919-b636-1f55ae3b80c0', [object Object],[object Object], true, 'publish', '2022-11-11T08:47:42.644Z', 3, 'a10149e9-ffd8-4fb3-8e1e-553d85a7a79a', 'b740450d-a05d-4e1d-a235-1d507702f30d', 'SUBJECT#a10149e9-ffd8-4fb3-8e1e-553d85a7a79a#QUESTION#639e30ce-764a-4919-b636-1f55ae3b80c0', 'ORG#b740450d-a05d-4e1d-a235-1d507702f30d', 'hello', 'checkbox');
INSERT INTO question (content, questionId, isRequired, status, createdAt, orderNumber, subjectId, organizationId, updatedAt, SK, PK, title, type) VALUES ('<p>What is your name?</p>', 'ec00b5c6-28b1-4b6f-a75c-dace85bef206', true, 'publish', '2022-11-11T08:27:51.183Z', 1, 'a10149e9-ffd8-4fb3-8e1e-553d85a7a79a', 'b740450d-a05d-4e1d-a235-1d507702f30d', '2022-11-11T08:47:40.114Z', 'SUBJECT#a10149e9-ffd8-4fb3-8e1e-553d85a7a79a#QUESTION#ec00b5c6-28b1-4b6f-a75c-dace85bef206', 'ORG#b740450d-a05d-4e1d-a235-1d507702f30d', 'Name', 'paragraph');
INSERT INTO question (content, questionId, questionAnswers, isRequired, status, createdAt, orderNumber, subjectId, organizationId, SK, PK, title, type) VALUES ('<p>Select correct answer</p>', 'f7b33d97-a5f9-471a-9a5c-1523502d0200', [object Object],[object Object],[object Object], true, 'publish', '2022-11-11T08:47:41.999Z', 2, 'a10149e9-ffd8-4fb3-8e1e-553d85a7a79a', 'b740450d-a05d-4e1d-a235-1d507702f30d', 'SUBJECT#a10149e9-ffd8-4fb3-8e1e-553d85a7a79a#QUESTION#f7b33d97-a5f9-471a-9a5c-1523502d0200', 'ORG#b740450d-a05d-4e1d-a235-1d507702f30d', 'True', 'radio');
INSERT INTO subject (finalThank, visibility, createdAt, name, descriptionNative, code, subjectId, organizationId, categoryId, SK, sort, end, description, PK, id, introduction, nameNative, start) VALUES ('finalThank', 'visibility', '2023-06-27T04:46:57.203Z', 'name1', 'descriptionNative', 'code', 'a286ab6a-475d-44e2-9de7-79b4758a6bf4', 'b740450d-a05d-4e1d-a235-1d507702f30d', 'categoryId', 'SUBJECT#a286ab6a-475d-44e2-9de7-79b4758a6bf4', 0, '02/02/2022', 'description', 'ORG#b740450d-a05d-4e1d-a235-1d507702f30d', 'a286ab6a-475d-44e2-9de7-79b4758a6bf4', 'introduction', 'nameNative', '01/01/2022');
INSERT INTO question (content, questionId, isRequired, status, createdAt, orderNumber, subjectId, organizationId, SK, PK, type) VALUES ('What is your name?', '5a065094-7bba-4705-bca3-11eb7833de94', true, 'publish', '2023-06-27T04:23:22.690Z', 0, 'a286ab6a-475d-44e2-9de7-79b4758a6bf4', 'b740450d-a05d-4e1d-a235-1d507702f30d', 'SUBJECT#a286ab6a-475d-44e2-9de7-79b4758a6bf4#QUESTION#5a065094-7bba-4705-bca3-11eb7833de94', 'ORG#b740450d-a05d-4e1d-a235-1d507702f30d', 'paragraph');
INSERT INTO question (content, questionId, questionAnswers, isRequired, status, createdAt, orderNumber, subjectId, organizationId, SK, PK, type) VALUES ('Chose 2 correct answer What are the neighbor of Cambodia?', '647d7e27-3791-413e-a5cd-87dea2fe4a57', [object Object],[object Object],[object Object],[object Object], true, 'publish', '2023-06-27T04:23:17.146Z', 0, 'a286ab6a-475d-44e2-9de7-79b4758a6bf4', 'b740450d-a05d-4e1d-a235-1d507702f30d', 'SUBJECT#a286ab6a-475d-44e2-9de7-79b4758a6bf4#QUESTION#647d7e27-3791-413e-a5cd-87dea2fe4a57', 'ORG#b740450d-a05d-4e1d-a235-1d507702f30d', 'checkbox');
INSERT INTO subject (finalThank, visibility, createdAt, name, descriptionNative, code, subjectId, organizationId, categoryId, SK, sort, end, description, PK, id, introduction, nameNative, start) VALUES ('', '', '2022-10-04T08:22:16.704Z', 'survey', , 'survey', 'a4cccfd7-de79-447e-bffe-b3aacb5fcf5e', 'b740450d-a05d-4e1d-a235-1d507702f30d', 'e0d34fa6-21b2-4d8d-94d1-8c5ad7dad756', 'SUBJECT#a4cccfd7-de79-447e-bffe-b3aacb5fcf5e', 0, '2022-09-15', 'survey', 'ORG#b740450d-a05d-4e1d-a235-1d507702f30d', 'a4cccfd7-de79-447e-bffe-b3aacb5fcf5e', '', , '2022-09-15');
INSERT INTO question (content, questionId, isRequired, status, createdAt, orderNumber, subjectId, organizationId, SK, PK, title, type) VALUES ('', '18d80dbb-1413-4b6a-a23f-f8fc59481ce1', false, 'publish', '2022-10-04T08:22:17.706Z', 1, 'a4cccfd7-de79-447e-bffe-b3aacb5fcf5e', 'b740450d-a05d-4e1d-a235-1d507702f30d', 'SUBJECT#a4cccfd7-de79-447e-bffe-b3aacb5fcf5e#QUESTION#18d80dbb-1413-4b6a-a23f-f8fc59481ce1', 'ORG#b740450d-a05d-4e1d-a235-1d507702f30d', 'question1', 'paragraph');
INSERT INTO question (content, questionId, isRequired, status, createdAt, orderNumber, subjectId, organizationId, SK, PK, title, type) VALUES ('', 'ce8c040f-be67-4b43-afb9-10402495243e', false, 'publish', '2022-10-04T08:22:17.706Z', 2, 'a4cccfd7-de79-447e-bffe-b3aacb5fcf5e', 'b740450d-a05d-4e1d-a235-1d507702f30d', 'SUBJECT#a4cccfd7-de79-447e-bffe-b3aacb5fcf5e#QUESTION#ce8c040f-be67-4b43-afb9-10402495243e', 'ORG#b740450d-a05d-4e1d-a235-1d507702f30d', 'test', 'paragraph');
INSERT INTO undefined (finalThank, visibility, createdAt, name, descriptionNative, code, subjectId, organizationId, categoryId, SK, end, description, PK, introduction, nameNative, start) VALUES ('', '', '2022-04-21T06:39:50.493Z', 'RCSE', , 'Recruitment Course', 'a5cd8db1-b635-489a-bc19-6bab1365bf95', 'b740450d-a05d-4e1d-a235-1d507702f30d', '0f0fc0eb-8404-44c4-a319-d19dd3315886', 'SUBJECT#a5cd8db1-b635-489a-bc19-6bab1365bf95', '2022-04-21', 'asd', 'ORG#b740450d-a05d-4e1d-a235-1d507702f30d', '', , '2022-04-21');
INSERT INTO undefined (content, questionId, isRequired, status, createdAt, competencyId, orderNumber, subjectId, organizationId, SK, PK, title, type) VALUES ('<p>Quos ea eaque sed el.</p>', '15c8bc3f-75fc-4645-9763-70ef67519c33', true, 'publish', '2022-04-21T06:44:29.111Z', , 1, 'a5cd8db1-b635-489a-bc19-6bab1365bf95', 'b740450d-a05d-4e1d-a235-1d507702f30d', 'SUBJECT#a5cd8db1-b635-489a-bc19-6bab1365bf95#QUESTION#15c8bc3f-75fc-4645-9763-70ef67519c33', 'ORG#b740450d-a05d-4e1d-a235-1d507702f30d', 'Nihil rerum aspernat', 'paragraph');
INSERT INTO undefined (content, questionId, questionAnswers, isRequired, status, createdAt, competencyId, orderNumber, subjectId, organizationId, SK, PK, title, type) VALUES ('<p>Doloremque do est in.</p>', '823e0eb4-1b43-4ab2-80d7-802cf6586cc8', [object Object],[object Object],[object Object], true, 'publish', '2022-04-21T06:44:29.659Z', , 2, 'a5cd8db1-b635-489a-bc19-6bab1365bf95', 'b740450d-a05d-4e1d-a235-1d507702f30d', 'SUBJECT#a5cd8db1-b635-489a-bc19-6bab1365bf95#QUESTION#823e0eb4-1b43-4ab2-80d7-802cf6586cc8', 'ORG#b740450d-a05d-4e1d-a235-1d507702f30d', 'Porro earum odio dig', 'checkbox');
INSERT INTO undefined (finalThank, visibility, createdAt, name, descriptionNative, code, subjectId, categoryId, organizationId, updatedAt, SK, end, sort, PK, description, id, introduction, nameNative, start) VALUES ('', '', '2022-07-07T04:46:23.545Z', 'Survey Lesson 1', , 'ac', 'a61fbf69-5ffe-4c56-99af-866750251752', 'c2de339c-d63c-42df-af57-c6b40419ac66', 'b740450d-a05d-4e1d-a235-1d507702f30d', '2022-07-07T16:39:49.814Z', 'SUBJECT#a61fbf69-5ffe-4c56-99af-866750251752', '2022-07-07', 0, 'ORG#b740450d-a05d-4e1d-a235-1d507702f30d', 'Survey Lesson 1', 'a61fbf69-5ffe-4c56-99af-866750251752', '', , '2022-07-07');
INSERT INTO subject (finalThank, visibility, createdAt, name, descriptionNative, code, subjectId, organizationId, categoryId, SK, sort, end, description, PK, id, introduction, nameNative, start) VALUES ('', '', '2022-10-14T02:24:40.910Z', 'new', , '123', 'a6e8f01a-5359-4702-956a-7f42ad57433f', 'b740450d-a05d-4e1d-a235-1d507702f30d', '042db908-0254-4d8e-ac61-f655c46cf7cb', 'SUBJECT#a6e8f01a-5359-4702-956a-7f42ad57433f', 0, '2022-10-14', 'new', 'ORG#b740450d-a05d-4e1d-a235-1d507702f30d', 'a6e8f01a-5359-4702-956a-7f42ad57433f', '', , '2022-10-14');
INSERT INTO question (content, questionId, isRequired, status, createdAt, orderNumber, subjectId, organizationId, SK, PK, title, type) VALUES ('', '5c08b27c-1fcf-4bee-87aa-52f7ff88939b', false, 'publish', '2022-10-14T02:24:57.330Z', 1, 'a6e8f01a-5359-4702-956a-7f42ad57433f', 'b740450d-a05d-4e1d-a235-1d507702f30d', 'SUBJECT#a6e8f01a-5359-4702-956a-7f42ad57433f#QUESTION#5c08b27c-1fcf-4bee-87aa-52f7ff88939b', 'ORG#b740450d-a05d-4e1d-a235-1d507702f30d', 'q12', 'paragraph');
INSERT INTO subject (finalThank, visibility, createdAt, name, descriptionNative, code, subjectId, organizationId, categoryId, SK, sort, end, description, PK, id, introduction, nameNative, start) VALUES ('', '', '2023-03-02T12:40:13.990Z', 'new', , 'new', 'a924becc-acea-4b10-b9f4-f01f2f8125de', 'b740450d-a05d-4e1d-a235-1d507702f30d', 'd41fd280-b3bc-4525-8c93-22c07f71f797', 'SUBJECT#a924becc-acea-4b10-b9f4-f01f2f8125de', 0, '2022-10-14', 'new', 'ORG#b740450d-a05d-4e1d-a235-1d507702f30d', 'a924becc-acea-4b10-b9f4-f01f2f8125de', '', , '2022-10-14');
INSERT INTO question (content, questionId, isRequired, status, createdAt, orderNumber, subjectId, organizationId, SK, PK, title, type) VALUES ('', '2c20c95a-6bb7-4bd7-afa2-3191c8012d1e', false, 'publish', '2023-03-02T12:40:15.584Z', 1, 'a924becc-acea-4b10-b9f4-f01f2f8125de', 'b740450d-a05d-4e1d-a235-1d507702f30d', 'SUBJECT#a924becc-acea-4b10-b9f4-f01f2f8125de#QUESTION#2c20c95a-6bb7-4bd7-afa2-3191c8012d1e', 'ORG#b740450d-a05d-4e1d-a235-1d507702f30d', 'q1', 'paragraph');
INSERT INTO question (content, questionId, isRequired, status, createdAt, orderNumber, subjectId, organizationId, SK, PK, title, type) VALUES ('', 'b08c5c57-f553-44cc-8223-e3586938f403', false, 'publish', '2023-03-02T12:40:15.584Z', 2, 'a924becc-acea-4b10-b9f4-f01f2f8125de', 'b740450d-a05d-4e1d-a235-1d507702f30d', 'SUBJECT#a924becc-acea-4b10-b9f4-f01f2f8125de#QUESTION#b08c5c57-f553-44cc-8223-e3586938f403', 'ORG#b740450d-a05d-4e1d-a235-1d507702f30d', 'q2', 'paragraph');
INSERT INTO subject (finalThank, visibility, createdAt, name, descriptionNative, code, subjectId, organizationId, categoryId, SK, sort, end, description, PK, id, introduction, nameNative, start) VALUES ('', '', '2022-10-13T10:04:10.581Z', 'test1', , 'test1', 'abf9e810-ba34-4ca6-b874-9e9d226f48bf', 'b740450d-a05d-4e1d-a235-1d507702f30d', '5e67a3b0-b0be-4705-8cf4-ec04309b6258', 'SUBJECT#abf9e810-ba34-4ca6-b874-9e9d226f48bf', 0, '2022-10-13', 'test1', 'ORG#b740450d-a05d-4e1d-a235-1d507702f30d', 'abf9e810-ba34-4ca6-b874-9e9d226f48bf', '', , '2022-10-13');
INSERT INTO subject (finalThank, visibility, createdAt, name, descriptionNative, code, subjectId, organizationId, categoryId, SK, sort, end, description, PK, id, introduction, nameNative, start) VALUES ('', '', '2022-09-13T04:31:09.788Z', 'test survey', , 'test survey', 'b33a542c-de99-4f67-a3fc-50f940bd2a63', 'b740450d-a05d-4e1d-a235-1d507702f30d', 'c821175f-e879-4cf4-96bd-ecdf970474f6', 'SUBJECT#b33a542c-de99-4f67-a3fc-50f940bd2a63', 0, '2022-07-09', 'test survey', 'ORG#b740450d-a05d-4e1d-a235-1d507702f30d', 'b33a542c-de99-4f67-a3fc-50f940bd2a63', '', , '2022-07-09');
INSERT INTO subject (finalThank, visibility, createdAt, name, descriptionNative, code, subjectId, organizationId, categoryId, SK, sort, description, PK, id, introduction, nameNative) VALUES ('<p>Testing survey title</p>
', , '2024-01-15T06:36:28.556Z', 'Testing survey title', , , 'b5ea980d-cf5b-4a52-8a49-62e42ef521ec', 'b740450d-a05d-4e1d-a235-1d507702f30d', 'aea579d8-5d0b-499e-90b9-b3e9eddeb8c8', 'SUBJECT#b5ea980d-cf5b-4a52-8a49-62e42ef521ec', 0, , 'ORG#b740450d-a05d-4e1d-a235-1d507702f30d', 'b5ea980d-cf5b-4a52-8a49-62e42ef521ec', '<p>Testing survey title</p>
', );
INSERT INTO question (content, questionId, questionAnswers, isRequired, createdAt, orderNumber, subjectId, organizationId, SK, PK, type) VALUES ('question', '2b5f233f-8487-437b-b652-bc77e896bd46', [object Object],[object Object],[object Object], true, '2024-01-15T06:36:30.183Z', 0, 'b5ea980d-cf5b-4a52-8a49-62e42ef521ec', 'b740450d-a05d-4e1d-a235-1d507702f30d', 'SUBJECT#b5ea980d-cf5b-4a52-8a49-62e42ef521ec#QUESTION#2b5f233f-8487-437b-b652-bc77e896bd46', 'ORG#b740450d-a05d-4e1d-a235-1d507702f30d', 'checkbox');
INSERT INTO question (content, questionId, questionAnswers, isRequired, createdAt, orderNumber, subjectId, organizationId, SK, PK, type) VALUES ('question 1', '8598a2b3-7047-4193-a849-62b0ff92da40', [object Object],[object Object],[object Object], true, '2024-01-15T06:36:29.209Z', 0, 'b5ea980d-cf5b-4a52-8a49-62e42ef521ec', 'b740450d-a05d-4e1d-a235-1d507702f30d', 'SUBJECT#b5ea980d-cf5b-4a52-8a49-62e42ef521ec#QUESTION#8598a2b3-7047-4193-a849-62b0ff92da40', 'ORG#b740450d-a05d-4e1d-a235-1d507702f30d', 'radio');
INSERT INTO question (content, orderNumber, questionId, subjectId, organizationId, isRequired, createdAt, SK, PK, type) VALUES ('question', 0, '9ca44df6-787b-4fd5-b0f5-268d7d31ef85', 'b5ea980d-cf5b-4a52-8a49-62e42ef521ec', 'b740450d-a05d-4e1d-a235-1d507702f30d', true, '2024-01-15T06:36:29.317Z', 'SUBJECT#b5ea980d-cf5b-4a52-8a49-62e42ef521ec#QUESTION#9ca44df6-787b-4fd5-b0f5-268d7d31ef85', 'ORG#b740450d-a05d-4e1d-a235-1d507702f30d', 'paragraph');
INSERT INTO subject (finalThank, visibility, createdAt, name, descriptionNative, code, subjectId, organizationId, categoryId, SK, sort, end, description, PK, id, introduction, nameNative, start) VALUES ('', '', '2022-07-09T08:11:14.479Z', 'test survey', , 'test survey', 'b7911db3-ee53-4484-a3b4-13dd3943424c', 'b740450d-a05d-4e1d-a235-1d507702f30d', 'c821175f-e879-4cf4-96bd-ecdf970474f6', 'SUBJECT#b7911db3-ee53-4484-a3b4-13dd3943424c', 0, '2022-07-09', 'test survey', 'ORG#b740450d-a05d-4e1d-a235-1d507702f30d', 'b7911db3-ee53-4484-a3b4-13dd3943424c', '', , '2022-07-09');
INSERT INTO subject (finalThank, visibility, createdAt, name, descriptionNative, code, subjectId, organizationId, categoryId, SK, sort, end, description, PK, id, introduction, nameNative, start) VALUES ('', '', '2022-09-13T04:31:09.787Z', 'test survey', , 'test survey', 'bdb74690-dc5f-4513-8038-48151c2b4521', 'b740450d-a05d-4e1d-a235-1d507702f30d', 'c821175f-e879-4cf4-96bd-ecdf970474f6', 'SUBJECT#bdb74690-dc5f-4513-8038-48151c2b4521', 0, '2022-07-09', 'test survey', 'ORG#b740450d-a05d-4e1d-a235-1d507702f30d', 'bdb74690-dc5f-4513-8038-48151c2b4521', '', , '2022-07-09');
INSERT INTO subject (finalThank, visibility, createdAt, name, descriptionNative, code, subjectId, organizationId, categoryId, SK, sort, end, description, PK, id, introduction, nameNative, start) VALUES ('', '', '2022-10-14T02:23:44.923Z', 'new', , 'new', 'c1ca0f63-11b8-4d30-a62c-1bda2a5c8be8', 'b740450d-a05d-4e1d-a235-1d507702f30d', '042db908-0254-4d8e-ac61-f655c46cf7cb', 'SUBJECT#c1ca0f63-11b8-4d30-a62c-1bda2a5c8be8', 0, '2022-10-14', 'new', 'ORG#b740450d-a05d-4e1d-a235-1d507702f30d', 'c1ca0f63-11b8-4d30-a62c-1bda2a5c8be8', '', , '2022-10-14');
INSERT INTO question (content, questionId, isRequired, status, createdAt, orderNumber, subjectId, organizationId, SK, PK, title, type) VALUES ('', '1bbb4249-1978-4442-be96-6eae709cfa5f', false, 'publish', '2022-10-14T02:27:22.172Z', 2, 'c1ca0f63-11b8-4d30-a62c-1bda2a5c8be8', 'b740450d-a05d-4e1d-a235-1d507702f30d', 'SUBJECT#c1ca0f63-11b8-4d30-a62c-1bda2a5c8be8#QUESTION#1bbb4249-1978-4442-be96-6eae709cfa5f', 'ORG#b740450d-a05d-4e1d-a235-1d507702f30d', 'q2', 'paragraph');
INSERT INTO question (content, questionId, isRequired, status, createdAt, orderNumber, subjectId, organizationId, updatedAt, SK, PK, title, type) VALUES ('', '6af6b3b9-c77c-4e14-b65c-4b44b3070607', false, 'publish', '2022-10-14T02:24:00.529Z', 1, 'c1ca0f63-11b8-4d30-a62c-1bda2a5c8be8', 'b740450d-a05d-4e1d-a235-1d507702f30d', '2022-10-14T02:27:21.052Z', 'SUBJECT#c1ca0f63-11b8-4d30-a62c-1bda2a5c8be8#QUESTION#6af6b3b9-c77c-4e14-b65c-4b44b3070607', 'ORG#b740450d-a05d-4e1d-a235-1d507702f30d', 'q1', 'paragraph');
INSERT INTO subject (finalThank, visibility, createdAt, name, descriptionNative, code, subjectId, organizationId, categoryId, SK, sort, end, description, PK, id, introduction, nameNative, start) VALUES ('', '', '2023-03-02T12:40:14.027Z', 'ok', , 'ok', 'c1f81ce5-230f-43f1-946c-9f0ace9054cd', 'b740450d-a05d-4e1d-a235-1d507702f30d', 'd41fd280-b3bc-4525-8c93-22c07f71f797', 'SUBJECT#c1f81ce5-230f-43f1-946c-9f0ace9054cd', 0, '2022-10-14', 'ok', 'ORG#b740450d-a05d-4e1d-a235-1d507702f30d', 'c1f81ce5-230f-43f1-946c-9f0ace9054cd', '', , '2022-10-14');
INSERT INTO question (content, questionId, isRequired, status, createdAt, orderNumber, subjectId, organizationId, SK, PK, title, type) VALUES ('', '53b1f70e-5ce6-4222-b0f5-7c7ab6dd8ca1', false, 'publish', '2023-03-02T12:40:15.073Z', 3, 'c1f81ce5-230f-43f1-946c-9f0ace9054cd', 'b740450d-a05d-4e1d-a235-1d507702f30d', 'SUBJECT#c1f81ce5-230f-43f1-946c-9f0ace9054cd#QUESTION#53b1f70e-5ce6-4222-b0f5-7c7ab6dd8ca1', 'ORG#b740450d-a05d-4e1d-a235-1d507702f30d', 'adfg', 'paragraph');
INSERT INTO question (content, questionId, isRequired, status, createdAt, orderNumber, subjectId, organizationId, SK, PK, title, type) VALUES ('', '55aecfcc-818e-46ca-9bf4-b6181f069435', false, 'publish', '2023-03-02T12:40:15.072Z', 2, 'c1f81ce5-230f-43f1-946c-9f0ace9054cd', 'b740450d-a05d-4e1d-a235-1d507702f30d', 'SUBJECT#c1f81ce5-230f-43f1-946c-9f0ace9054cd#QUESTION#55aecfcc-818e-46ca-9bf4-b6181f069435', 'ORG#b740450d-a05d-4e1d-a235-1d507702f30d', 'k2', 'paragraph');
INSERT INTO question (content, questionId, isRequired, status, createdAt, orderNumber, subjectId, organizationId, SK, PK, title, type) VALUES ('', '9ba19754-2626-477f-a018-e21dacf15e62', false, 'publish', '2023-03-02T12:40:15.073Z', 1, 'c1f81ce5-230f-43f1-946c-9f0ace9054cd', 'b740450d-a05d-4e1d-a235-1d507702f30d', 'SUBJECT#c1f81ce5-230f-43f1-946c-9f0ace9054cd#QUESTION#9ba19754-2626-477f-a018-e21dacf15e62', 'ORG#b740450d-a05d-4e1d-a235-1d507702f30d', 'k1', 'paragraph');
INSERT INTO subject (finalThank, visibility, createdAt, name, descriptionNative, code, subjectId, organizationId, categoryId, SK, sort, end, description, PK, id, introduction, nameNative, start) VALUES ('', '', '2022-10-31T03:01:20.473Z', 'survey test', , 'sv', 'cde647f9-8f12-41b9-848c-8973d1d186cb', 'b740450d-a05d-4e1d-a235-1d507702f30d', 'e752c760-a6ab-4032-ae1e-891dd490e8c6', 'SUBJECT#cde647f9-8f12-41b9-848c-8973d1d186cb', 0, '2022-10-31', 'survey test', 'ORG#b740450d-a05d-4e1d-a235-1d507702f30d', 'cde647f9-8f12-41b9-848c-8973d1d186cb', '', , '2022-10-31');
INSERT INTO question (content, questionAnswers, questionId, isRequired, status, createdAt, orderNumber, subjectId, organizationId, updatedAt, SK, PK, title, type) VALUES ('<p>question 3</p>', [object Object],[object Object],[object Object], '4b5f4a5d-ec3e-49ab-acec-431e6952f30d', false, 'publish', '2022-11-01T13:11:23.578Z', 3, 'cde647f9-8f12-41b9-848c-8973d1d186cb', 'b740450d-a05d-4e1d-a235-1d507702f30d', '2022-11-01T13:14:08.236Z', 'SUBJECT#cde647f9-8f12-41b9-848c-8973d1d186cb#QUESTION#4b5f4a5d-ec3e-49ab-acec-431e6952f30d', 'ORG#b740450d-a05d-4e1d-a235-1d507702f30d', 'question 3', 'checkbox');
INSERT INTO question (content, questionAnswers, questionId, isRequired, status, createdAt, orderNumber, subjectId, organizationId, updatedAt, SK, PK, title, type) VALUES ('<p>question1</p>', [object Object],[object Object], '53a5ca7d-7b9e-4ad7-b9b7-c338284fcb49', true, 'publish', '2022-11-01T13:06:55.605Z', 2, 'cde647f9-8f12-41b9-848c-8973d1d186cb', 'b740450d-a05d-4e1d-a235-1d507702f30d', '2022-11-01T13:14:07.925Z', 'SUBJECT#cde647f9-8f12-41b9-848c-8973d1d186cb#QUESTION#53a5ca7d-7b9e-4ad7-b9b7-c338284fcb49', 'ORG#b740450d-a05d-4e1d-a235-1d507702f30d', 'question1', 'radio');
INSERT INTO question (content, questionAnswers, questionId, isRequired, status, createdAt, orderNumber, subjectId, organizationId, updatedAt, SK, PK, title, type) VALUES ('<p>test</p>', [object Object],[object Object], 'd529c7de-9779-4714-8b96-aff7e473242d', true, 'publish', '2022-10-31T03:02:03.772Z', 1, 'cde647f9-8f12-41b9-848c-8973d1d186cb', 'b740450d-a05d-4e1d-a235-1d507702f30d', '2022-11-01T13:14:07.542Z', 'SUBJECT#cde647f9-8f12-41b9-848c-8973d1d186cb#QUESTION#d529c7de-9779-4714-8b96-aff7e473242d', 'ORG#b740450d-a05d-4e1d-a235-1d507702f30d', 'tesst', 'radio');
INSERT INTO undefined (finalThank, visibility, createdAt, name, descriptionNative, code, subjectId, organizationId, categoryId, SK, sort, end, description, PK, id, introduction, nameNative, start) VALUES ('', '', '2022-06-28T02:51:38.994Z', 'New Test', , 'nt', 'ce2389b4-2571-4d19-8001-196e6ece84ff', 'b740450d-a05d-4e1d-a235-1d507702f30d', 'c2de339c-d63c-42df-af57-c6b40419ac66', 'SUBJECT#ce2389b4-2571-4d19-8001-196e6ece84ff', 0, '2022-06-28', 'New Test', 'ORG#b740450d-a05d-4e1d-a235-1d507702f30d', 'ce2389b4-2571-4d19-8001-196e6ece84ff', '', , '2022-06-28');
INSERT INTO subject (finalThank, visibility, createdAt, name, descriptionNative, code, subjectId, organizationId, categoryId, SK, sort, end, description, PK, id, introduction, nameNative, start) VALUES ('finalThank', 'visibility', '2023-06-27T04:42:21.366Z', 'name1', 'descriptionNative', 'code', 'cf203f8e-d452-4a27-9a7d-92f5cbe42ee8', 'b740450d-a05d-4e1d-a235-1d507702f30d', 'categoryId', 'SUBJECT#cf203f8e-d452-4a27-9a7d-92f5cbe42ee8', 0, '02/02/2022', 'description', 'ORG#b740450d-a05d-4e1d-a235-1d507702f30d', 'cf203f8e-d452-4a27-9a7d-92f5cbe42ee8', 'introduction', 'nameNative', '01/01/2022');
INSERT INTO subject (finalThank, visibility, createdAt, name, descriptionNative, code, subjectId, organizationId, categoryId, SK, sort, end, description, PK, id, introduction, nameNative, start) VALUES ('<p>Dolores nobis quae n.</p>', '', '2023-12-18T04:40:32.335Z', 'Dolore esse volupta', , 'Ducimus fuga Elit', 'd0a7e928-a0b5-452e-8d41-7d3a709b72f2', 'b740450d-a05d-4e1d-a235-1d507702f30d', '690bb3a4-f092-4098-8b05-3d23dbf3935e', 'SUBJECT#d0a7e928-a0b5-452e-8d41-7d3a709b72f2', 0, '2023-12-18', 'Ex et lorem incididu', 'ORG#b740450d-a05d-4e1d-a235-1d507702f30d', 'd0a7e928-a0b5-452e-8d41-7d3a709b72f2', '<p>Error ea cum sunt ea.</p>', , '2023-12-18');
INSERT INTO question (content, questionId, isRequired, status, createdAt, orderNumber, subjectId, organizationId, SK, PK, title, type) VALUES ('<p>sdasda</p>', 'a0a9fec9-83c7-4d3d-beca-b61d8452a01a', true, 'publish', '2023-12-18T04:40:47.608Z', 1, 'd0a7e928-a0b5-452e-8d41-7d3a709b72f2', 'b740450d-a05d-4e1d-a235-1d507702f30d', 'SUBJECT#d0a7e928-a0b5-452e-8d41-7d3a709b72f2#QUESTION#a0a9fec9-83c7-4d3d-beca-b61d8452a01a', 'ORG#b740450d-a05d-4e1d-a235-1d507702f30d', 'dadasda', 'paragraph');
INSERT INTO subject (finalThank, visibility, createdAt, name, descriptionNative, code, subjectId, organizationId, categoryId, SK, sort, end, description, PK, id, introduction, nameNative, start) VALUES ('finalThank', 'visibility', '2023-06-27T04:43:04.778Z', 'name1', 'descriptionNative', 'code', 'd4d3d1fa-0c68-4f12-a962-dc9bb6688c41', 'b740450d-a05d-4e1d-a235-1d507702f30d', 'categoryId', 'SUBJECT#d4d3d1fa-0c68-4f12-a962-dc9bb6688c41', 0, '02/02/2022', 'description', 'ORG#b740450d-a05d-4e1d-a235-1d507702f30d', 'd4d3d1fa-0c68-4f12-a962-dc9bb6688c41', 'introduction', 'nameNative', '01/01/2022');
INSERT INTO subject (finalThank, visibility, createdAt, name, descriptionNative, code, subjectId, organizationId, categoryId, SK, sort, end, description, PK, id, introduction, nameNative, start) VALUES ('', '', '2022-11-24T11:49:55.845Z', 'new survey', , 'new survey', 'd5154c84-0964-44b3-806e-a15233ce91db', 'b740450d-a05d-4e1d-a235-1d507702f30d', 'a7ac3a7c-e111-476e-a838-e96833287cbc', 'SUBJECT#d5154c84-0964-44b3-806e-a15233ce91db', 0, '2022-11-24', 'new survey', 'ORG#b740450d-a05d-4e1d-a235-1d507702f30d', 'd5154c84-0964-44b3-806e-a15233ce91db', '', , '2022-11-24');
INSERT INTO subject (finalThank, visibility, createdAt, name, descriptionNative, code, subjectId, organizationId, categoryId, SK, sort, end, description, PK, id, introduction, nameNative, start) VALUES ('<p>fwefac</p>', '', '2023-06-20T03:19:38.030Z', 'huyyy', , '9999', 'd5fcd337-4455-4e2d-bd78-715a32c7d39b', 'b740450d-a05d-4e1d-a235-1d507702f30d', '042db908-0254-4d8e-ac61-f655c46cf7cb', 'SUBJECT#d5fcd337-4455-4e2d-bd78-715a32c7d39b', 0, '2023-06-21', 'yyyyyy', 'ORG#b740450d-a05d-4e1d-a235-1d507702f30d', 'd5fcd337-4455-4e2d-bd78-715a32c7d39b', '<p>fefsfwer</p>', , '2023-06-20');
INSERT INTO subject (finalThank, visibility, createdAt, name, descriptionNative, code, subjectId, organizationId, categoryId, SK, sort, end, description, PK, id, introduction, nameNative, start) VALUES ('', '', '2022-09-13T04:31:09.847Z', 'test survey', , 'test survey', 'daf3b35a-85a6-4325-8d9b-27c0bb1eb279', 'b740450d-a05d-4e1d-a235-1d507702f30d', 'c821175f-e879-4cf4-96bd-ecdf970474f6', 'SUBJECT#daf3b35a-85a6-4325-8d9b-27c0bb1eb279', 0, '2022-07-09', 'test survey', 'ORG#b740450d-a05d-4e1d-a235-1d507702f30d', 'daf3b35a-85a6-4325-8d9b-27c0bb1eb279', '', , '2022-07-09');
INSERT INTO subject (finalThank, visibility, createdAt, name, descriptionNative, code, subjectId, organizationId, categoryId, SK, sort, end, description, PK, id, introduction, nameNative, start) VALUES ('', '', '2022-09-13T04:31:09.807Z', 'test survey', , 'test survey', 'dc182df7-60ee-4615-b5ea-42ee29e1ab7a', 'b740450d-a05d-4e1d-a235-1d507702f30d', 'c821175f-e879-4cf4-96bd-ecdf970474f6', 'SUBJECT#dc182df7-60ee-4615-b5ea-42ee29e1ab7a', 0, '2022-07-09', 'test survey', 'ORG#b740450d-a05d-4e1d-a235-1d507702f30d', 'dc182df7-60ee-4615-b5ea-42ee29e1ab7a', '', , '2022-07-09');
INSERT INTO subject (finalThank, visibility, createdAt, name, descriptionNative, code, subjectId, organizationId, categoryId, SK, sort, end, description, PK, id, introduction, nameNative, start) VALUES ('', '', '2022-09-15T02:43:46.397Z', 'survey', , 'survey', 'df020e36-5bf7-4f81-bf97-cc8fcde2612c', 'b740450d-a05d-4e1d-a235-1d507702f30d', '7130789c-9219-4ab5-840b-d0257a095bf4', 'SUBJECT#df020e36-5bf7-4f81-bf97-cc8fcde2612c', 0, '2022-09-15', 'survey', 'ORG#b740450d-a05d-4e1d-a235-1d507702f30d', 'df020e36-5bf7-4f81-bf97-cc8fcde2612c', '', , '2022-09-15');
INSERT INTO question (content, questionId, isRequired, status, createdAt, orderNumber, subjectId, organizationId, SK, PK, title, type) VALUES ('', 'e0bc0868-3fd6-4b61-9fbd-fa76454791c4', false, 'publish', '2022-09-15T02:44:22.281Z', 1, 'df020e36-5bf7-4f81-bf97-cc8fcde2612c', 'b740450d-a05d-4e1d-a235-1d507702f30d', 'SUBJECT#df020e36-5bf7-4f81-bf97-cc8fcde2612c#QUESTION#e0bc0868-3fd6-4b61-9fbd-fa76454791c4', 'ORG#b740450d-a05d-4e1d-a235-1d507702f30d', 'question1', 'paragraph');
INSERT INTO undefined (finalThank, visibility, createdAt, name, descriptionNative, code, subjectId, organizationId, categoryId, SK, end, description, PK, introduction, nameNative, start) VALUES ('', '', '2022-04-19T06:29:52.348Z', 'test', , 'test', 'e4f460fe-7aff-4f1f-8be9-028524dbaef2', 'b740450d-a05d-4e1d-a235-1d507702f30d', '14012125-f79d-4e62-96ab-dec30c508009', 'SUBJECT#e4f460fe-7aff-4f1f-8be9-028524dbaef2', '2022-04-19', 'test', 'ORG#b740450d-a05d-4e1d-a235-1d507702f30d', '', , '2022-04-19');
INSERT INTO undefined (content, questionId, questionAnswers, isRequired, status, createdAt, competencyId, orderNumber, subjectId, organizationId, SK, PK, title, type) VALUES ('', '210bad3e-c41e-4b40-b715-d409d5a66603', [object Object],[object Object],[object Object], true, 'publish', '2022-04-19T08:37:32.467Z', , 2, 'e4f460fe-7aff-4f1f-8be9-028524dbaef2', 'b740450d-a05d-4e1d-a235-1d507702f30d', 'SUBJECT#e4f460fe-7aff-4f1f-8be9-028524dbaef2#QUESTION#210bad3e-c41e-4b40-b715-d409d5a66603', 'ORG#b740450d-a05d-4e1d-a235-1d507702f30d', 'q2', 'checkbox');
INSERT INTO undefined (content, questionId, questionAnswers, isRequired, status, createdAt, competencyId, orderNumber, subjectId, organizationId, SK, PK, title, type) VALUES ('', '4f153cee-2bcd-452b-8ede-707d19fb278a', [object Object],[object Object], true, 'publish', '2022-04-19T08:37:32.748Z', , 3, 'e4f460fe-7aff-4f1f-8be9-028524dbaef2', 'b740450d-a05d-4e1d-a235-1d507702f30d', 'SUBJECT#e4f460fe-7aff-4f1f-8be9-028524dbaef2#QUESTION#4f153cee-2bcd-452b-8ede-707d19fb278a', 'ORG#b740450d-a05d-4e1d-a235-1d507702f30d', 'q3', 'radio');
INSERT INTO undefined (content, questionId, isRequired, status, createdAt, competencyId, orderNumber, subjectId, organizationId, SK, PK, title, type) VALUES ('', '9f90b38d-2e6b-4600-895c-fa5323ae3fc5', true, 'publish', '2022-04-19T08:37:31.480Z', , 1, 'e4f460fe-7aff-4f1f-8be9-028524dbaef2', 'b740450d-a05d-4e1d-a235-1d507702f30d', 'SUBJECT#e4f460fe-7aff-4f1f-8be9-028524dbaef2#QUESTION#9f90b38d-2e6b-4600-895c-fa5323ae3fc5', 'ORG#b740450d-a05d-4e1d-a235-1d507702f30d', 'q1', 'paragraph');
INSERT INTO subject (finalThank, visibility, createdAt, name, descriptionNative, code, subjectId, organizationId, categoryId, SK, sort, end, description, PK, id, introduction, nameNative, start) VALUES ('', '', '2022-10-13T09:56:24.680Z', 'test survey', , 'test survey', 'ec00f857-09cd-48d1-b13b-ce9c75743d33', 'b740450d-a05d-4e1d-a235-1d507702f30d', '5e67a3b0-b0be-4705-8cf4-ec04309b6258', 'SUBJECT#ec00f857-09cd-48d1-b13b-ce9c75743d33', 0, '2022-10-13', 'test survey', 'ORG#b740450d-a05d-4e1d-a235-1d507702f30d', 'ec00f857-09cd-48d1-b13b-ce9c75743d33', '', , '2022-10-13');
INSERT INTO question (content, questionId, isRequired, status, createdAt, orderNumber, subjectId, organizationId, SK, PK, title, type) VALUES ('', '80ba3fb3-bd79-449a-874a-57a8720f0a3b', false, 'publish', '2022-10-13T10:03:50.063Z', 1, 'ec00f857-09cd-48d1-b13b-ce9c75743d33', 'b740450d-a05d-4e1d-a235-1d507702f30d', 'SUBJECT#ec00f857-09cd-48d1-b13b-ce9c75743d33#QUESTION#80ba3fb3-bd79-449a-874a-57a8720f0a3b', 'ORG#b740450d-a05d-4e1d-a235-1d507702f30d', 'q1', 'paragraph');
INSERT INTO subject (finalThank, visibility, createdAt, name, descriptionNative, code, subjectId, organizationId, categoryId, SK, sort, end, description, PK, id, introduction, nameNative, start) VALUES ('finalThank', 'visibility', '2023-06-27T04:22:29.154Z', 'name1', 'descriptionNative', 'code', 'ec6298a4-75ba-4eb3-b99d-8cc0a167d75b', 'b740450d-a05d-4e1d-a235-1d507702f30d', 'categoryId', 'SUBJECT#ec6298a4-75ba-4eb3-b99d-8cc0a167d75b', 0, '02/02/2022', 'description', 'ORG#b740450d-a05d-4e1d-a235-1d507702f30d', 'ec6298a4-75ba-4eb3-b99d-8cc0a167d75b', 'introduction', 'nameNative', '01/01/2022');
INSERT INTO question (content, questionId, isRequired, status, createdAt, orderNumber, subjectId, organizationId, SK, PK, type) VALUES ('What is your name?', '62c6a10d-68ef-41cc-8100-46d0377ae409', true, 'publish', '2023-06-27T04:23:22.690Z', 0, 'ec6298a4-75ba-4eb3-b99d-8cc0a167d75b', 'b740450d-a05d-4e1d-a235-1d507702f30d', 'SUBJECT#ec6298a4-75ba-4eb3-b99d-8cc0a167d75b#QUESTION#62c6a10d-68ef-41cc-8100-46d0377ae409', 'ORG#b740450d-a05d-4e1d-a235-1d507702f30d', 'paragraph');
INSERT INTO question (content, questionId, questionAnswers, isRequired, status, createdAt, orderNumber, subjectId, organizationId, SK, PK, type) VALUES ('Chose 2 correct answer What are the neighbor of Cambodia?', '8495b1fb-1ae4-4a5a-9878-1c1eebcc3418', [object Object],[object Object],[object Object],[object Object], true, 'publish', '2023-06-27T04:23:17.146Z', 0, 'ec6298a4-75ba-4eb3-b99d-8cc0a167d75b', 'b740450d-a05d-4e1d-a235-1d507702f30d', 'SUBJECT#ec6298a4-75ba-4eb3-b99d-8cc0a167d75b#QUESTION#8495b1fb-1ae4-4a5a-9878-1c1eebcc3418', 'ORG#b740450d-a05d-4e1d-a235-1d507702f30d', 'checkbox');
INSERT INTO subject (finalThank, visibility, createdAt, name, descriptionNative, code, subjectId, organizationId, categoryId, SK, sort, end, description, PK, id, introduction, nameNative, start) VALUES ('finalThank', 'visibility', '2023-06-27T04:34:46.343Z', 'name1', 'descriptionNative', 'code', 'ee5a29f0-7476-47de-97bc-a271fee88899', 'b740450d-a05d-4e1d-a235-1d507702f30d', 'categoryId', 'SUBJECT#ee5a29f0-7476-47de-97bc-a271fee88899', 0, '02/02/2022', 'description', 'ORG#b740450d-a05d-4e1d-a235-1d507702f30d', 'ee5a29f0-7476-47de-97bc-a271fee88899', 'introduction', 'nameNative', '01/01/2022');
INSERT INTO subject (finalThank, visibility, createdAt, name, descriptionNative, code, subjectId, organizationId, categoryId, SK, sort, end, description, PK, id, introduction, nameNative, start) VALUES ('', '', '2022-10-13T10:02:17.657Z', 'new survey', , 'new survey', 'f3de0a65-c4f0-439d-928f-ffe481bd0e9c', 'b740450d-a05d-4e1d-a235-1d507702f30d', '5e67a3b0-b0be-4705-8cf4-ec04309b6258', 'SUBJECT#f3de0a65-c4f0-439d-928f-ffe481bd0e9c', 0, '2022-10-13', 'new survey', 'ORG#b740450d-a05d-4e1d-a235-1d507702f30d', 'f3de0a65-c4f0-439d-928f-ffe481bd0e9c', '', , '2022-10-13');
INSERT INTO question (content, questionId, isRequired, status, createdAt, orderNumber, subjectId, organizationId, SK, PK, title, type) VALUES ('', 'b8fd7530-ff7a-4fcd-a7d6-cb16c60258b1', false, 'publish', '2022-10-13T10:02:37.023Z', 1, 'f3de0a65-c4f0-439d-928f-ffe481bd0e9c', 'b740450d-a05d-4e1d-a235-1d507702f30d', 'SUBJECT#f3de0a65-c4f0-439d-928f-ffe481bd0e9c#QUESTION#b8fd7530-ff7a-4fcd-a7d6-cb16c60258b1', 'ORG#b740450d-a05d-4e1d-a235-1d507702f30d', 'question 1', 'paragraph');
INSERT INTO subject (finalThank, visibility, createdAt, name, descriptionNative, code, subjectId, organizationId, categoryId, SK, sort, end, description, PK, id, introduction, nameNative, start) VALUES ('<p>Thank you so much for your time to input the afford toward this survey.</p>', '', '2023-11-07T02:52:13.365Z', 'Sample Survey #1', , 'SS#1', 'fa457c46-f7e3-4825-8758-0be89b81579d', 'b740450d-a05d-4e1d-a235-1d507702f30d', '6b9b447c-a46a-4bb1-b1d6-25683d9efae6', 'SUBJECT#fa457c46-f7e3-4825-8758-0be89b81579d', 0, '2023-11-30', 'Sample Survey Subtitle #1', 'ORG#b740450d-a05d-4e1d-a235-1d507702f30d', 'fa457c46-f7e3-4825-8758-0be89b81579d', '<p>While this book serves as a wildly fantastic guide through the broad, sometimes intimidating field of big data and data science, it is not an instruction manual for hands-on implementation. Here’s what to expect:</p><ul><li>Provides a background in big data and data engineering before moving on to data science and how it's applied to generate value</li><li>Includes coverage of big data frameworks like Hadoop, MapReduce, Spark, MPP platforms, and NoSQL</li><li>Explains machine learning and many of its algorithms as well as artificial intelligence and the evolution of the Internet of Things</li><li>Details data visualization techniques that can be used to showcase, summarize, and communicate the data insights you generate</li></ul><p>It's a big, big data world out there—let&nbsp;<em>Data Science For Dummies</em>&nbsp;help you harness its power and gain a competitive edge for your organization.</p>', , '2023-11-07');
INSERT INTO question (content, questionId, questionAnswers, isRequired, status, createdAt, orderNumber, subjectId, organizationId, SK, PK, title, type) VALUES ('<p>This is a Single Choice Survey?</p>', '6c648c93-7003-4174-a9ab-612c076c160f', [object Object],[object Object],[object Object], true, 'publish', '2023-11-07T02:55:13.352Z', 1, 'fa457c46-f7e3-4825-8758-0be89b81579d', 'b740450d-a05d-4e1d-a235-1d507702f30d', 'SUBJECT#fa457c46-f7e3-4825-8758-0be89b81579d#QUESTION#6c648c93-7003-4174-a9ab-612c076c160f', 'ORG#b740450d-a05d-4e1d-a235-1d507702f30d', 'Single Choice Survey', 'radio');
INSERT INTO question (content, questionId, isRequired, status, createdAt, orderNumber, subjectId, organizationId, SK, PK, title, type) VALUES ('<p>This is an Open Choice Survey?</p>', '7c96fbd0-7130-4454-b7f5-da2d4571ed77', false, 'publish', '2023-11-07T02:55:13.730Z', 3, 'fa457c46-f7e3-4825-8758-0be89b81579d', 'b740450d-a05d-4e1d-a235-1d507702f30d', 'SUBJECT#fa457c46-f7e3-4825-8758-0be89b81579d#QUESTION#7c96fbd0-7130-4454-b7f5-da2d4571ed77', 'ORG#b740450d-a05d-4e1d-a235-1d507702f30d', 'Open Choice Survey', 'paragraph');
INSERT INTO question (content, questionId, questionAnswers, isRequired, status, createdAt, orderNumber, subjectId, organizationId, SK, PK, title, type) VALUES ('<p>This is a Multiple Choices Survey?</p>', 'd1ab3ee8-1781-41ba-a15b-569314e2b364', [object Object],[object Object],[object Object], false, 'publish', '2023-11-07T02:55:13.573Z', 2, 'fa457c46-f7e3-4825-8758-0be89b81579d', 'b740450d-a05d-4e1d-a235-1d507702f30d', 'SUBJECT#fa457c46-f7e3-4825-8758-0be89b81579d#QUESTION#d1ab3ee8-1781-41ba-a15b-569314e2b364', 'ORG#b740450d-a05d-4e1d-a235-1d507702f30d', 'Multiple Choices Survey', 'checkbox');